USE school_management_system;

DELETE FROM app_SABIT_GIDER;
DELETE FROM app_MALZEME_DERS;
DELETE FROM app_MALZEME;
DELETE FROM app_EK_GIDER;
DELETE FROM app_AKTIF_OGRENCI_DERS;
DELETE FROM app_AKTIF_DERS;
DELETE FROM app_DERS;
DELETE FROM app_AKTIF_OGRENCI_MESGULIYET;
DELETE FROM app_VELI;
DELETE FROM app_AKTIF_OGRENCI;
DELETE FROM app_MEZUN_OGRENCI;
DELETE FROM app_PART_TIME_OGRETMEN_MESGULIYET;
DELETE FROM app_HAFTANIN_SAATLERI;
DELETE FROM app_FULL_TIME_OGRETMEN;
DELETE FROM app_PART_TIME_OGRETMEN;
DELETE FROM app_OGRETMEN;
DELETE FROM app_TEMIZLIK_GOREVLISI;
DELETE FROM app_IDARI_PERSONEL;

INSERT INTO app_HAFTANIN_SAATLERI (SaatGunID, BaslangicVakti, BitisVakti, Gun) VALUES (1, '07:00:00', '08:00:00', 'Pazartesi');
INSERT INTO app_HAFTANIN_SAATLERI (SaatGunID, BaslangicVakti, BitisVakti, Gun) VALUES (2, '08:00:00', '09:00:00', 'Pazartesi');
INSERT INTO app_HAFTANIN_SAATLERI (SaatGunID, BaslangicVakti, BitisVakti, Gun) VALUES (3, '09:00:00', '10:00:00', 'Pazartesi');
INSERT INTO app_HAFTANIN_SAATLERI (SaatGunID, BaslangicVakti, BitisVakti, Gun) VALUES (4, '10:00:00', '11:00:00', 'Pazartesi');
INSERT INTO app_HAFTANIN_SAATLERI (SaatGunID, BaslangicVakti, BitisVakti, Gun) VALUES (5, '11:00:00', '12:00:00', 'Pazartesi');
INSERT INTO app_HAFTANIN_SAATLERI (SaatGunID, BaslangicVakti, BitisVakti, Gun) VALUES (6, '12:00:00', '13:00:00', 'Pazartesi');
INSERT INTO app_HAFTANIN_SAATLERI (SaatGunID, BaslangicVakti, BitisVakti, Gun) VALUES (7, '13:00:00', '14:00:00', 'Pazartesi');
INSERT INTO app_HAFTANIN_SAATLERI (SaatGunID, BaslangicVakti, BitisVakti, Gun) VALUES (8, '14:00:00', '15:00:00', 'Pazartesi');
INSERT INTO app_HAFTANIN_SAATLERI (SaatGunID, BaslangicVakti, BitisVakti, Gun) VALUES (9, '15:00:00', '16:00:00', 'Pazartesi');
INSERT INTO app_HAFTANIN_SAATLERI (SaatGunID, BaslangicVakti, BitisVakti, Gun) VALUES (10, '16:00:00', '17:00:00', 'Pazartesi');
INSERT INTO app_HAFTANIN_SAATLERI (SaatGunID, BaslangicVakti, BitisVakti, Gun) VALUES (11, '17:00:00', '18:00:00', 'Pazartesi');
INSERT INTO app_HAFTANIN_SAATLERI (SaatGunID, BaslangicVakti, BitisVakti, Gun) VALUES (12, '07:00:00', '08:00:00', 'Sali');
INSERT INTO app_HAFTANIN_SAATLERI (SaatGunID, BaslangicVakti, BitisVakti, Gun) VALUES (13, '08:00:00', '09:00:00', 'Sali');
INSERT INTO app_HAFTANIN_SAATLERI (SaatGunID, BaslangicVakti, BitisVakti, Gun) VALUES (14, '09:00:00', '10:00:00', 'Sali');
INSERT INTO app_HAFTANIN_SAATLERI (SaatGunID, BaslangicVakti, BitisVakti, Gun) VALUES (15, '10:00:00', '11:00:00', 'Sali');
INSERT INTO app_HAFTANIN_SAATLERI (SaatGunID, BaslangicVakti, BitisVakti, Gun) VALUES (16, '11:00:00', '12:00:00', 'Sali');
INSERT INTO app_HAFTANIN_SAATLERI (SaatGunID, BaslangicVakti, BitisVakti, Gun) VALUES (17, '12:00:00', '13:00:00', 'Sali');
INSERT INTO app_HAFTANIN_SAATLERI (SaatGunID, BaslangicVakti, BitisVakti, Gun) VALUES (18, '13:00:00', '14:00:00', 'Sali');
INSERT INTO app_HAFTANIN_SAATLERI (SaatGunID, BaslangicVakti, BitisVakti, Gun) VALUES (19, '14:00:00', '15:00:00', 'Sali');
INSERT INTO app_HAFTANIN_SAATLERI (SaatGunID, BaslangicVakti, BitisVakti, Gun) VALUES (20, '15:00:00', '16:00:00', 'Sali');
INSERT INTO app_HAFTANIN_SAATLERI (SaatGunID, BaslangicVakti, BitisVakti, Gun) VALUES (21, '16:00:00', '17:00:00', 'Sali');
INSERT INTO app_HAFTANIN_SAATLERI (SaatGunID, BaslangicVakti, BitisVakti, Gun) VALUES (22, '17:00:00', '18:00:00', 'Sali');
INSERT INTO app_HAFTANIN_SAATLERI (SaatGunID, BaslangicVakti, BitisVakti, Gun) VALUES (23, '07:00:00', '08:00:00', 'Carsamba');
INSERT INTO app_HAFTANIN_SAATLERI (SaatGunID, BaslangicVakti, BitisVakti, Gun) VALUES (24, '08:00:00', '09:00:00', 'Carsamba');
INSERT INTO app_HAFTANIN_SAATLERI (SaatGunID, BaslangicVakti, BitisVakti, Gun) VALUES (25, '09:00:00', '10:00:00', 'Carsamba');
INSERT INTO app_HAFTANIN_SAATLERI (SaatGunID, BaslangicVakti, BitisVakti, Gun) VALUES (26, '10:00:00', '11:00:00', 'Carsamba');
INSERT INTO app_HAFTANIN_SAATLERI (SaatGunID, BaslangicVakti, BitisVakti, Gun) VALUES (27, '11:00:00', '12:00:00', 'Carsamba');
INSERT INTO app_HAFTANIN_SAATLERI (SaatGunID, BaslangicVakti, BitisVakti, Gun) VALUES (28, '12:00:00', '13:00:00', 'Carsamba');
INSERT INTO app_HAFTANIN_SAATLERI (SaatGunID, BaslangicVakti, BitisVakti, Gun) VALUES (29, '13:00:00', '14:00:00', 'Carsamba');
INSERT INTO app_HAFTANIN_SAATLERI (SaatGunID, BaslangicVakti, BitisVakti, Gun) VALUES (30, '14:00:00', '15:00:00', 'Carsamba');
INSERT INTO app_HAFTANIN_SAATLERI (SaatGunID, BaslangicVakti, BitisVakti, Gun) VALUES (31, '15:00:00', '16:00:00', 'Carsamba');
INSERT INTO app_HAFTANIN_SAATLERI (SaatGunID, BaslangicVakti, BitisVakti, Gun) VALUES (32, '16:00:00', '17:00:00', 'Carsamba');
INSERT INTO app_HAFTANIN_SAATLERI (SaatGunID, BaslangicVakti, BitisVakti, Gun) VALUES (33, '17:00:00', '18:00:00', 'Carsamba');
INSERT INTO app_HAFTANIN_SAATLERI (SaatGunID, BaslangicVakti, BitisVakti, Gun) VALUES (34, '07:00:00', '08:00:00', 'Persembe');
INSERT INTO app_HAFTANIN_SAATLERI (SaatGunID, BaslangicVakti, BitisVakti, Gun) VALUES (35, '08:00:00', '09:00:00', 'Persembe');
INSERT INTO app_HAFTANIN_SAATLERI (SaatGunID, BaslangicVakti, BitisVakti, Gun) VALUES (36, '09:00:00', '10:00:00', 'Persembe');
INSERT INTO app_HAFTANIN_SAATLERI (SaatGunID, BaslangicVakti, BitisVakti, Gun) VALUES (37, '10:00:00', '11:00:00', 'Persembe');
INSERT INTO app_HAFTANIN_SAATLERI (SaatGunID, BaslangicVakti, BitisVakti, Gun) VALUES (38, '11:00:00', '12:00:00', 'Persembe');
INSERT INTO app_HAFTANIN_SAATLERI (SaatGunID, BaslangicVakti, BitisVakti, Gun) VALUES (39, '12:00:00', '13:00:00', 'Persembe');
INSERT INTO app_HAFTANIN_SAATLERI (SaatGunID, BaslangicVakti, BitisVakti, Gun) VALUES (40, '13:00:00', '14:00:00', 'Persembe');
INSERT INTO app_HAFTANIN_SAATLERI (SaatGunID, BaslangicVakti, BitisVakti, Gun) VALUES (41, '14:00:00', '15:00:00', 'Persembe');
INSERT INTO app_HAFTANIN_SAATLERI (SaatGunID, BaslangicVakti, BitisVakti, Gun) VALUES (42, '15:00:00', '16:00:00', 'Persembe');
INSERT INTO app_HAFTANIN_SAATLERI (SaatGunID, BaslangicVakti, BitisVakti, Gun) VALUES (43, '16:00:00', '17:00:00', 'Persembe');
INSERT INTO app_HAFTANIN_SAATLERI (SaatGunID, BaslangicVakti, BitisVakti, Gun) VALUES (44, '17:00:00', '18:00:00', 'Persembe');
INSERT INTO app_HAFTANIN_SAATLERI (SaatGunID, BaslangicVakti, BitisVakti, Gun) VALUES (45, '07:00:00', '08:00:00', 'Cuma');
INSERT INTO app_HAFTANIN_SAATLERI (SaatGunID, BaslangicVakti, BitisVakti, Gun) VALUES (46, '08:00:00', '09:00:00', 'Cuma');
INSERT INTO app_HAFTANIN_SAATLERI (SaatGunID, BaslangicVakti, BitisVakti, Gun) VALUES (47, '09:00:00', '10:00:00', 'Cuma');
INSERT INTO app_HAFTANIN_SAATLERI (SaatGunID, BaslangicVakti, BitisVakti, Gun) VALUES (48, '10:00:00', '11:00:00', 'Cuma');
INSERT INTO app_HAFTANIN_SAATLERI (SaatGunID, BaslangicVakti, BitisVakti, Gun) VALUES (49, '11:00:00', '12:00:00', 'Cuma');
INSERT INTO app_HAFTANIN_SAATLERI (SaatGunID, BaslangicVakti, BitisVakti, Gun) VALUES (50, '12:00:00', '13:00:00', 'Cuma');
INSERT INTO app_HAFTANIN_SAATLERI (SaatGunID, BaslangicVakti, BitisVakti, Gun) VALUES (51, '13:00:00', '14:00:00', 'Cuma');
INSERT INTO app_HAFTANIN_SAATLERI (SaatGunID, BaslangicVakti, BitisVakti, Gun) VALUES (52, '14:00:00', '15:00:00', 'Cuma');
INSERT INTO app_HAFTANIN_SAATLERI (SaatGunID, BaslangicVakti, BitisVakti, Gun) VALUES (53, '15:00:00', '16:00:00', 'Cuma');
INSERT INTO app_HAFTANIN_SAATLERI (SaatGunID, BaslangicVakti, BitisVakti, Gun) VALUES (54, '16:00:00', '17:00:00', 'Cuma');
INSERT INTO app_HAFTANIN_SAATLERI (SaatGunID, BaslangicVakti, BitisVakti, Gun) VALUES (55, '17:00:00', '18:00:00', 'Cuma');

INSERT INTO app_IDARI_PERSONEL (CalisanID, Ad, Soyad, Adres, Tel, Email, Maas, BaslangicTarihi, DeneyimSuresi, Unvan) VALUES (1, 'ERGUN', 'YUCEL', 'Polatli', '05193806634', 'example54@yahoo.com', 24029.78, '2021-10-15', 25, 'Mudur');INSERT INTO app_IDARI_PERSONEL (CalisanID, Ad, Soyad, Adres, Tel, Email, Maas, BaslangicTarihi, DeneyimSuresi, Unvan) VALUES (2, 'BILGE', 'ERKURAN', 'Gudul', '05673282644', 'example14@yahoo.com', 23610.53, '2004-01-10', 14, 'Muhasebeci');INSERT INTO app_IDARI_PERSONEL (CalisanID, Ad, Soyad, Adres, Tel, Email, Maas, BaslangicTarihi, DeneyimSuresi, Unvan) VALUES (3, 'NURAY', 'CANACANKATAN', 'Gudul', '05140648777', 'example32@yahoo.com', 29821.83, '2015-04-16', 25, 'Sekreter');INSERT INTO app_IDARI_PERSONEL (CalisanID, Ad, Soyad, Adres, Tel, Email, Maas, BaslangicTarihi, DeneyimSuresi, Unvan) VALUES (4, 'SENEM', 'BUYUKCAM', 'Kazan', '05210478311', 'example95@outlook.com', 19952.76, '2019-01-28', 27, 'Mudur Yardimcisi');INSERT INTO app_IDARI_PERSONEL (CalisanID, Ad, Soyad, Adres, Tel, Email, Maas, BaslangicTarihi, DeneyimSuresi, Unvan) VALUES (5, 'FERDA', 'CANACANKATAN', 'Polatli', '05768603564', 'example70@yahoo.com', 34530.99, '2018-12-16', 25, 'Bilisim Sorumlusu');INSERT INTO app_IDARI_PERSONEL (CalisanID, Ad, Soyad, Adres, Tel, Email, Maas, BaslangicTarihi, DeneyimSuresi, Unvan) VALUES (6, 'BURCU', 'YAVUZ', 'Akyurt', '05770053097', 'example27@yahoo.com', 25618.62, '2005-01-07', 2, 'Bilisim Sorumlusu');INSERT INTO app_IDARI_PERSONEL (CalisanID, Ad, Soyad, Adres, Tel, Email, Maas, BaslangicTarihi, DeneyimSuresi, Unvan) VALUES (7, 'FATIH', 'GULEN AKKUCUK', 'Sereflikochisar', '05956595696', 'example4@gmail.com', 4198.51, '2002-01-14', 26, 'Mudur Yardimcisi');INSERT INTO app_IDARI_PERSONEL (CalisanID, Ad, Soyad, Adres, Tel, Email, Maas, BaslangicTarihi, DeneyimSuresi, Unvan) VALUES (8, 'TUGSEM', 'ATAY', 'Evren', '05896250280', 'example64@yahoo.com', 33611.51, '2009-05-23', 7, 'Bilisim Sorumlusu');INSERT INTO app_IDARI_PERSONEL (CalisanID, Ad, Soyad, Adres, Tel, Email, Maas, BaslangicTarihi, DeneyimSuresi, Unvan) VALUES (9, 'HASAN SERKAN', 'KAYA', 'Haymana', '05360375526', 'example36@outlook.com', 8757.20, '2014-12-24', 23, 'Yonetici');INSERT INTO app_IDARI_PERSONEL (CalisanID, Ad, Soyad, Adres, Tel, Email, Maas, BaslangicTarihi, DeneyimSuresi, Unvan) VALUES (10, 'FUAT', 'ALDiNC', 'Elmadag', '05259723160', 'example91@gmail.com', 34838.26, '2012-02-04', 21, 'Mudur Yardimcisi');INSERT INTO app_IDARI_PERSONEL (CalisanID, Ad, Soyad, Adres, Tel, Email, Maas, BaslangicTarihi, DeneyimSuresi, Unvan) VALUES (11, 'EYYUP SABRI', 'KiRECCi', 'Sereflikochisar', '05190391644', 'example58@etu.edu.tr', 9300.74, '2017-08-06', 15, 'Yonetici');INSERT INTO app_IDARI_PERSONEL (CalisanID, Ad, Soyad, Adres, Tel, Email, Maas, BaslangicTarihi, DeneyimSuresi, Unvan) VALUES (12, 'ILHAN', 'BABUS', 'Mamak', '05463769160', 'example56@icloud.com', 17448.02, '2023-04-04', 6, 'Bilisim Sorumlusu');INSERT INTO app_IDARI_PERSONEL (CalisanID, Ad, Soyad, Adres, Tel, Email, Maas, BaslangicTarihi, DeneyimSuresi, Unvan) VALUES (13, 'OZLEM', 'KUCUR TULUBAS', 'Beypazari', '05468286708', 'example14@outlook.com', 31734.39, '2000-11-13', 23, 'Yonetici');INSERT INTO app_IDARI_PERSONEL (CalisanID, Ad, Soyad, Adres, Tel, Email, Maas, BaslangicTarihi, DeneyimSuresi, Unvan) VALUES (14, 'METIN', 'OZTURK', 'Polatli', '05908290402', 'example54@outlook.com', 7925.99, '2004-10-25', 2, 'Bilisim Sorumlusu');INSERT INTO app_IDARI_PERSONEL (CalisanID, Ad, Soyad, Adres, Tel, Email, Maas, BaslangicTarihi, DeneyimSuresi, Unvan) VALUES (15, 'YILDIZ', 'KULAC', 'Kizilcahamam', '05689272399', 'example89@icloud.com', 21150.23, '2019-07-04', 8, 'Mudur Yardimcisi');INSERT INTO app_IDARI_PERSONEL (CalisanID, Ad, Soyad, Adres, Tel, Email, Maas, BaslangicTarihi, DeneyimSuresi, Unvan) VALUES (16, 'SENEM', 'SEZER', 'Golbasi', '05937322815', 'example90@yahoo.com', 25755.09, '2016-07-19', 19, 'Sekreter');INSERT INTO app_IDARI_PERSONEL (CalisanID, Ad, Soyad, Adres, Tel, Email, Maas, BaslangicTarihi, DeneyimSuresi, Unvan) VALUES (17, 'ERGUN', 'BODUROGLU', 'Nallihan', '05394846593', 'example17@icloud.com', 34179.13, '2008-11-27', 9, 'Sekreter');INSERT INTO app_IDARI_PERSONEL (CalisanID, Ad, Soyad, Adres, Tel, Email, Maas, BaslangicTarihi, DeneyimSuresi, Unvan) VALUES (18, 'FATIH', 'BALCI', 'Sereflikochisar', '05493718490', 'example86@etu.edu.tr', 33973.06, '2018-08-12', 10, 'Muhasebeci');INSERT INTO app_IDARI_PERSONEL (CalisanID, Ad, Soyad, Adres, Tel, Email, Maas, BaslangicTarihi, DeneyimSuresi, Unvan) VALUES (19, 'MESUDE', 'KULAKSIZ', 'Etimesgut', '05884072734', 'example91@etu.edu.tr', 33444.59, '2003-05-02', 29, 'Sekreter');INSERT INTO app_IDARI_PERSONEL (CalisanID, Ad, Soyad, Adres, Tel, Email, Maas, BaslangicTarihi, DeneyimSuresi, Unvan) VALUES (20, 'EVRIM', 'AYDOGAN', 'Evren', '05289033097', 'example97@outlook.com', 11785.00, '2007-01-25', 10, 'Muhasebeci');
INSERT INTO app_TEMIZLIK_GOREVLISI (CalisanID, Ad, Soyad, Adres, Tel, Email, Maas, BaslangicTarihi, DeneyimSuresi, CalismaYeri) VALUES (21, 'MEHMET', 'GUNDUZ', 'Kazan', '05581511164', 'example65@gmail.com', 15222.42, '2008-01-06', 28, NULL);INSERT INTO app_TEMIZLIK_GOREVLISI (CalisanID, Ad, Soyad, Adres, Tel, Email, Maas, BaslangicTarihi, DeneyimSuresi, CalismaYeri) VALUES (22, 'SERDAL', 'AKBULUT', 'Bala', '05802346842', 'example14@gmail.com', 7465.57, '2003-12-07', 7, NULL);INSERT INTO app_TEMIZLIK_GOREVLISI (CalisanID, Ad, Soyad, Adres, Tel, Email, Maas, BaslangicTarihi, DeneyimSuresi, CalismaYeri) VALUES (23, 'MUSTAFA', 'BALABAN', 'Cubuk', '05613346547', 'example35@etu.edu.tr', 23716.78, '2020-03-05', 30, NULL);INSERT INTO app_TEMIZLIK_GOREVLISI (CalisanID, Ad, Soyad, Adres, Tel, Email, Maas, BaslangicTarihi, DeneyimSuresi, CalismaYeri) VALUES (24, 'FADIL', 'COMERT', 'Kizilcahamam', '05332003792', 'example88@gmail.com', 12651.99, '2012-02-06', 29, NULL);INSERT INTO app_TEMIZLIK_GOREVLISI (CalisanID, Ad, Soyad, Adres, Tel, Email, Maas, BaslangicTarihi, DeneyimSuresi, CalismaYeri) VALUES (25, 'BAHATTIN', 'MURT', 'Haymana', '05308868601', 'example46@etu.edu.tr', 9281.01, '2022-11-23', 11, NULL);INSERT INTO app_TEMIZLIK_GOREVLISI (CalisanID, Ad, Soyad, Adres, Tel, Email, Maas, BaslangicTarihi, DeneyimSuresi, CalismaYeri) VALUES (26, 'ILKNUR', 'TEKiN', 'Gudul', '05302044042', 'example82@yahoo.com', 18059.42, '2003-10-23', 2, NULL);INSERT INTO app_TEMIZLIK_GOREVLISI (CalisanID, Ad, Soyad, Adres, Tel, Email, Maas, BaslangicTarihi, DeneyimSuresi, CalismaYeri) VALUES (27, 'EBRU', 'PEKTAS', 'Haymana', '05222467203', 'example16@gmail.com', 9573.03, '2005-03-25', 9, NULL);INSERT INTO app_TEMIZLIK_GOREVLISI (CalisanID, Ad, Soyad, Adres, Tel, Email, Maas, BaslangicTarihi, DeneyimSuresi, CalismaYeri) VALUES (28, 'ORHAN', 'OZTURK', 'Cubuk', '05890989014', 'example50@outlook.com', 3171.07, '2003-05-05', 25, NULL);INSERT INTO app_TEMIZLIK_GOREVLISI (CalisanID, Ad, Soyad, Adres, Tel, Email, Maas, BaslangicTarihi, DeneyimSuresi, CalismaYeri) VALUES (29, 'GOKHAN', 'CALISKANTURK', 'Haymana', '05545435091', 'example92@yahoo.com', 13729.57, '2005-04-04', 15, NULL);INSERT INTO app_TEMIZLIK_GOREVLISI (CalisanID, Ad, Soyad, Adres, Tel, Email, Maas, BaslangicTarihi, DeneyimSuresi, CalismaYeri) VALUES (30, 'UFUK', 'TANRIKULU', 'Gudul', '05622043526', 'example21@yahoo.com', 29380.32, '2015-10-05', 18, NULL);INSERT INTO app_TEMIZLIK_GOREVLISI (CalisanID, Ad, Soyad, Adres, Tel, Email, Maas, BaslangicTarihi, DeneyimSuresi, CalismaYeri) VALUES (31, 'GOKMEN', 'ALDiNC', 'Bala', '05943485633', 'example70@icloud.com', 16951.95, '2010-04-05', 19, NULL);INSERT INTO app_TEMIZLIK_GOREVLISI (CalisanID, Ad, Soyad, Adres, Tel, Email, Maas, BaslangicTarihi, DeneyimSuresi, CalismaYeri) VALUES (32, 'FUAT', 'YAVUZ', 'Evren', '05647473242', 'example54@etu.edu.tr', 25780.79, '2015-04-20', 20, NULL);INSERT INTO app_TEMIZLIK_GOREVLISI (CalisanID, Ad, Soyad, Adres, Tel, Email, Maas, BaslangicTarihi, DeneyimSuresi, CalismaYeri) VALUES (33, 'ULKU', 'ERGE', 'Mamak', '05801790418', 'example75@gmail.com', 13117.75, '2011-06-17', 23, NULL);INSERT INTO app_TEMIZLIK_GOREVLISI (CalisanID, Ad, Soyad, Adres, Tel, Email, Maas, BaslangicTarihi, DeneyimSuresi, CalismaYeri) VALUES (34, 'KURSAT', 'ERDEM', 'Ayas', '05702064563', 'example91@gmail.com', 19076.32, '2004-03-12', 17, NULL);INSERT INTO app_TEMIZLIK_GOREVLISI (CalisanID, Ad, Soyad, Adres, Tel, Email, Maas, BaslangicTarihi, DeneyimSuresi, CalismaYeri) VALUES (35, 'REZAN', 'YILMAZ', 'Cankaya', '05199764878', 'example19@gmail.com', 11627.54, '2009-07-07', 9, NULL);INSERT INTO app_TEMIZLIK_GOREVLISI (CalisanID, Ad, Soyad, Adres, Tel, Email, Maas, BaslangicTarihi, DeneyimSuresi, CalismaYeri) VALUES (36, 'TURGAY YILMAZ', 'OCAL', 'Altindag', '05789988726', 'example92@etu.edu.tr', 17300.67, '2000-08-13', 23, NULL);INSERT INTO app_TEMIZLIK_GOREVLISI (CalisanID, Ad, Soyad, Adres, Tel, Email, Maas, BaslangicTarihi, DeneyimSuresi, CalismaYeri) VALUES (37, 'BASAK', 'BABUS', 'Etimesgut', '05736840123', 'example98@yahoo.com', 24510.40, '2020-02-13', 5, NULL);INSERT INTO app_TEMIZLIK_GOREVLISI (CalisanID, Ad, Soyad, Adres, Tel, Email, Maas, BaslangicTarihi, DeneyimSuresi, CalismaYeri) VALUES (38, 'HAYATI', 'ATAY', 'Akyurt', '05122794075', 'example6@yahoo.com', 31236.95, '2011-06-24', 20, NULL);INSERT INTO app_TEMIZLIK_GOREVLISI (CalisanID, Ad, Soyad, Adres, Tel, Email, Maas, BaslangicTarihi, DeneyimSuresi, CalismaYeri) VALUES (39, 'FUAT', 'SEZER', 'Kalecik', '05351295170', 'example4@yahoo.com', 20415.72, '2019-02-18', 24, NULL);INSERT INTO app_TEMIZLIK_GOREVLISI (CalisanID, Ad, Soyad, Adres, Tel, Email, Maas, BaslangicTarihi, DeneyimSuresi, CalismaYeri) VALUES (40, 'AHMET ALI', 'UZER', 'Nallihan', '05207623546', 'example21@icloud.com', 23116.91, '2000-10-12', 5, NULL);
INSERT INTO app_OGRETMEN (CalisanID, Ad, Soyad, Adres, Tel, Email, Maas, BaslangicTarihi, DeneyimSuresi) VALUES (41, 'ERGUN', 'YILDIRIM', 'Yenimahalle', '05609472212', 'example91@etu.edu.tr', 10123.52, '2018-05-19', 18);INSERT INTO app_OGRETMEN (CalisanID, Ad, Soyad, Adres, Tel, Email, Maas, BaslangicTarihi, DeneyimSuresi) VALUES (42, 'UFUK', 'ONER', 'Sincan', '05609626545', 'example16@etu.edu.tr', 8747.85, '2022-04-04', 16);INSERT INTO app_OGRETMEN (CalisanID, Ad, Soyad, Adres, Tel, Email, Maas, BaslangicTarihi, DeneyimSuresi) VALUES (43, 'SERDAR', 'KANDEMiR', 'Ayas', '05756354455', 'example97@yahoo.com', 16949.46, '2018-01-21', 21);INSERT INTO app_OGRETMEN (CalisanID, Ad, Soyad, Adres, Tel, Email, Maas, BaslangicTarihi, DeneyimSuresi) VALUES (44, 'ASLI', 'YAVUZ', 'Kalecik', '05698979044', 'example83@yahoo.com', 2506.46, '2023-07-27', 6);INSERT INTO app_OGRETMEN (CalisanID, Ad, Soyad, Adres, Tel, Email, Maas, BaslangicTarihi, DeneyimSuresi) VALUES (45, 'EBRU', 'OZTURK', 'Cankaya', '05435351458', 'example60@gmail.com', 29158.71, '2015-02-24', 13);INSERT INTO app_OGRETMEN (CalisanID, Ad, Soyad, Adres, Tel, Email, Maas, BaslangicTarihi, DeneyimSuresi) VALUES (46, 'GOKMEN', 'TAHTACI', 'Altindag', '05795660547', 'example38@yahoo.com', 30316.30, '2007-08-12', 14);INSERT INTO app_OGRETMEN (CalisanID, Ad, Soyad, Adres, Tel, Email, Maas, BaslangicTarihi, DeneyimSuresi) VALUES (47, 'MUSTAFA', 'GiRAY', 'Sereflikochisar', '05910099642', 'example57@yahoo.com', 24145.24, '2015-05-01', 16);INSERT INTO app_OGRETMEN (CalisanID, Ad, Soyad, Adres, Tel, Email, Maas, BaslangicTarihi, DeneyimSuresi) VALUES (48, 'CETIN', 'KORKMAZ', 'Kizilcahamam', '05371862443', 'example62@etu.edu.tr', 34317.51, '2017-06-19', 5);INSERT INTO app_OGRETMEN (CalisanID, Ad, Soyad, Adres, Tel, Email, Maas, BaslangicTarihi, DeneyimSuresi) VALUES (49, 'MANSUR', 'DEMiR', 'Akyurt', '05884677744', 'example75@icloud.com', 5425.25, '2004-11-14', 12);INSERT INTO app_OGRETMEN (CalisanID, Ad, Soyad, Adres, Tel, Email, Maas, BaslangicTarihi, DeneyimSuresi) VALUES (50, 'YUSUF KENAN', 'OZER', 'Kecioren', '05452830610', 'example95@yahoo.com', 16261.03, '2002-02-11', 8);INSERT INTO app_OGRETMEN (CalisanID, Ad, Soyad, Adres, Tel, Email, Maas, BaslangicTarihi, DeneyimSuresi) VALUES (51, 'BAHATTIN', 'KANDEMiR', 'Golbasi', '05427891358', 'example85@gmail.com', 30065.03, '2003-12-25', 5);INSERT INTO app_OGRETMEN (CalisanID, Ad, Soyad, Adres, Tel, Email, Maas, BaslangicTarihi, DeneyimSuresi) VALUES (52, 'EVREN', 'TEMEL', 'Gudul', '05361477957', 'example76@outlook.com', 34299.08, '2001-03-23', 29);INSERT INTO app_OGRETMEN (CalisanID, Ad, Soyad, Adres, Tel, Email, Maas, BaslangicTarihi, DeneyimSuresi) VALUES (53, 'MIRAC', 'GUNDUZ', 'Golbasi', '05983512806', 'example93@etu.edu.tr', 5027.93, '2018-10-25', 4);INSERT INTO app_OGRETMEN (CalisanID, Ad, Soyad, Adres, Tel, Email, Maas, BaslangicTarihi, DeneyimSuresi) VALUES (54, 'METIN', 'KUTLU', 'Camlidere', '05508368785', 'example60@yahoo.com', 13893.19, '2022-12-26', 27);INSERT INTO app_OGRETMEN (CalisanID, Ad, Soyad, Adres, Tel, Email, Maas, BaslangicTarihi, DeneyimSuresi) VALUES (55, 'FADIL', 'AKCAN ATASOY', 'Cubuk', '05336356926', 'example43@gmail.com', 7540.05, '2019-03-28', 6);INSERT INTO app_OGRETMEN (CalisanID, Ad, Soyad, Adres, Tel, Email, Maas, BaslangicTarihi, DeneyimSuresi) VALUES (56, 'TUGSEM', 'KUCUR TULUBAS', 'Kazan', '05499582419', 'example29@outlook.com', 23251.53, '2008-11-07', 2);INSERT INTO app_OGRETMEN (CalisanID, Ad, Soyad, Adres, Tel, Email, Maas, BaslangicTarihi, DeneyimSuresi) VALUES (57, 'DILEK', 'YILDIRIM', 'Nallihan', '05254817251', 'example6@gmail.com', 7757.08, '2022-02-10', 10);INSERT INTO app_OGRETMEN (CalisanID, Ad, Soyad, Adres, Tel, Email, Maas, BaslangicTarihi, DeneyimSuresi) VALUES (58, 'BAHATTIN', 'HALHALLI', 'Elmadag', '05500579834', 'example96@yahoo.com', 19471.38, '2008-06-09', 20);INSERT INTO app_OGRETMEN (CalisanID, Ad, Soyad, Adres, Tel, Email, Maas, BaslangicTarihi, DeneyimSuresi) VALUES (59, 'NAGIHAN', 'EROGLU', 'Haymana', '05526545551', 'example88@icloud.com', 17439.39, '2004-11-14', 25);INSERT INTO app_OGRETMEN (CalisanID, Ad, Soyad, Adres, Tel, Email, Maas, BaslangicTarihi, DeneyimSuresi) VALUES (60, 'GOKMEN', 'CETiN', 'Cankaya', '05415734102', 'example44@yahoo.com', 18672.17, '2018-10-02', 23);INSERT INTO app_OGRETMEN (CalisanID, Ad, Soyad, Adres, Tel, Email, Maas, BaslangicTarihi, DeneyimSuresi) VALUES (61, 'EBRU', 'KUFECiLER', 'Beypazari', '05478658642', 'example92@outlook.com', 11632.99, '2010-09-27', 3);INSERT INTO app_OGRETMEN (CalisanID, Ad, Soyad, Adres, Tel, Email, Maas, BaslangicTarihi, DeneyimSuresi) VALUES (62, 'REYHAN', 'YAMAN', 'Sincan', '05129805904', 'example75@yahoo.com', 9607.35, '2012-04-10', 21);INSERT INTO app_OGRETMEN (CalisanID, Ad, Soyad, Adres, Tel, Email, Maas, BaslangicTarihi, DeneyimSuresi) VALUES (63, 'TUBA', 'TEMEL', 'Ayas', '05761102478', 'example38@icloud.com', 18041.40, '2020-10-02', 21);INSERT INTO app_OGRETMEN (CalisanID, Ad, Soyad, Adres, Tel, Email, Maas, BaslangicTarihi, DeneyimSuresi) VALUES (64, 'EBRU', 'CAY', 'Elmadag', '05912077416', 'example16@icloud.com', 21306.83, '2000-06-16', 29);INSERT INTO app_OGRETMEN (CalisanID, Ad, Soyad, Adres, Tel, Email, Maas, BaslangicTarihi, DeneyimSuresi) VALUES (65, 'BULENT', 'KAYA', 'Kalecik', '05766056965', 'example29@yahoo.com', 25671.90, '2022-06-06', 8);INSERT INTO app_OGRETMEN (CalisanID, Ad, Soyad, Adres, Tel, Email, Maas, BaslangicTarihi, DeneyimSuresi) VALUES (66, 'SERKAN', 'MEMETOGLU', 'Haymana', '05979330003', 'example2@etu.edu.tr', 21836.90, '2021-11-25', 25);INSERT INTO app_OGRETMEN (CalisanID, Ad, Soyad, Adres, Tel, Email, Maas, BaslangicTarihi, DeneyimSuresi) VALUES (67, 'EVRIM', 'HACCACOGLU', 'Evren', '05521675150', 'example72@yahoo.com', 23925.86, '2015-08-05', 17);INSERT INTO app_OGRETMEN (CalisanID, Ad, Soyad, Adres, Tel, Email, Maas, BaslangicTarihi, DeneyimSuresi) VALUES (68, 'YASER', 'CANACANKATAN', 'Bala', '05998686864', 'example66@yahoo.com', 2962.36, '2010-06-18', 21);INSERT INTO app_OGRETMEN (CalisanID, Ad, Soyad, Adres, Tel, Email, Maas, BaslangicTarihi, DeneyimSuresi) VALUES (69, 'BARIS', 'BABUS', 'Kizilcahamam', '05222870003', 'example1@outlook.com', 14642.47, '2003-02-20', 13);INSERT INTO app_OGRETMEN (CalisanID, Ad, Soyad, Adres, Tel, Email, Maas, BaslangicTarihi, DeneyimSuresi) VALUES (70, 'MESUT', 'AYTAC', 'Beypazari', '05305093888', 'example73@icloud.com', 29302.31, '2014-11-05', 14);INSERT INTO app_OGRETMEN (CalisanID, Ad, Soyad, Adres, Tel, Email, Maas, BaslangicTarihi, DeneyimSuresi) VALUES (71, 'HUSEYIN CAHIT', 'AKSEL', 'Beypazari', '05269401832', 'example68@icloud.com', 34283.54, '2004-04-03', 27);INSERT INTO app_OGRETMEN (CalisanID, Ad, Soyad, Adres, Tel, Email, Maas, BaslangicTarihi, DeneyimSuresi) VALUES (72, 'BURCU', 'EROGLU', 'Kizilcahamam', '05676117628', 'example14@gmail.com', 4053.87, '2022-11-23', 21);INSERT INTO app_OGRETMEN (CalisanID, Ad, Soyad, Adres, Tel, Email, Maas, BaslangicTarihi, DeneyimSuresi) VALUES (73, 'MEDIHA', 'YILMAZ iNAL', 'Golbasi', '05708144271', 'example29@yahoo.com', 26760.07, '2004-02-28', 12);INSERT INTO app_OGRETMEN (CalisanID, Ad, Soyad, Adres, Tel, Email, Maas, BaslangicTarihi, DeneyimSuresi) VALUES (74, 'ULKU', 'OZKURT PURCU', 'Mamak', '05134688665', 'example51@etu.edu.tr', 33928.64, '2016-03-09', 23);INSERT INTO app_OGRETMEN (CalisanID, Ad, Soyad, Adres, Tel, Email, Maas, BaslangicTarihi, DeneyimSuresi) VALUES (75, 'GULDEHEN', 'SEZER', 'Kazan', '05855022253', 'example90@yahoo.com', 23556.06, '2005-02-13', 5);INSERT INTO app_OGRETMEN (CalisanID, Ad, Soyad, Adres, Tel, Email, Maas, BaslangicTarihi, DeneyimSuresi) VALUES (76, 'EVRIM', 'ATAY', 'Polatli', '05829318761', 'example52@etu.edu.tr', 27876.41, '2008-01-12', 1);INSERT INTO app_OGRETMEN (CalisanID, Ad, Soyad, Adres, Tel, Email, Maas, BaslangicTarihi, DeneyimSuresi) VALUES (77, 'ASLI', 'ALMACIOGLU', 'Etimesgut', '05224902918', 'example95@outlook.com', 5100.43, '2022-01-28', 18);INSERT INTO app_OGRETMEN (CalisanID, Ad, Soyad, Adres, Tel, Email, Maas, BaslangicTarihi, DeneyimSuresi) VALUES (78, 'BAYRAM', 'GiRAY', 'Elmadag', '05234436326', 'example88@gmail.com', 27770.82, '2019-05-20', 21);INSERT INTO app_OGRETMEN (CalisanID, Ad, Soyad, Adres, Tel, Email, Maas, BaslangicTarihi, DeneyimSuresi) VALUES (79, 'BENGU', 'BALCI', 'Camlidere', '05296400034', 'example8@icloud.com', 12912.81, '2012-05-18', 16);INSERT INTO app_OGRETMEN (CalisanID, Ad, Soyad, Adres, Tel, Email, Maas, BaslangicTarihi, DeneyimSuresi) VALUES (80, 'ULKU', 'MEMETOGLU', 'Kazan', '05561195787', 'example70@yahoo.com', 19572.76, '2016-01-02', 18);
INSERT INTO app_FULL_TIME_OGRETMEN (CalisanID) VALUES (61);INSERT INTO app_FULL_TIME_OGRETMEN (CalisanID) VALUES (62);INSERT INTO app_FULL_TIME_OGRETMEN (CalisanID) VALUES (63);INSERT INTO app_FULL_TIME_OGRETMEN (CalisanID) VALUES (64);INSERT INTO app_FULL_TIME_OGRETMEN (CalisanID) VALUES (65);INSERT INTO app_FULL_TIME_OGRETMEN (CalisanID) VALUES (66);INSERT INTO app_FULL_TIME_OGRETMEN (CalisanID) VALUES (67);INSERT INTO app_FULL_TIME_OGRETMEN (CalisanID) VALUES (68);INSERT INTO app_FULL_TIME_OGRETMEN (CalisanID) VALUES (69);INSERT INTO app_FULL_TIME_OGRETMEN (CalisanID) VALUES (70);INSERT INTO app_FULL_TIME_OGRETMEN (CalisanID) VALUES (71);INSERT INTO app_FULL_TIME_OGRETMEN (CalisanID) VALUES (72);INSERT INTO app_FULL_TIME_OGRETMEN (CalisanID) VALUES (73);INSERT INTO app_FULL_TIME_OGRETMEN (CalisanID) VALUES (74);INSERT INTO app_FULL_TIME_OGRETMEN (CalisanID) VALUES (75);INSERT INTO app_FULL_TIME_OGRETMEN (CalisanID) VALUES (76);INSERT INTO app_FULL_TIME_OGRETMEN (CalisanID) VALUES (77);INSERT INTO app_FULL_TIME_OGRETMEN (CalisanID) VALUES (78);INSERT INTO app_FULL_TIME_OGRETMEN (CalisanID) VALUES (79);INSERT INTO app_FULL_TIME_OGRETMEN (CalisanID) VALUES (80);
INSERT INTO app_PART_TIME_OGRETMEN (CalisanID) VALUES (41);INSERT INTO app_PART_TIME_OGRETMEN (CalisanID) VALUES (42);INSERT INTO app_PART_TIME_OGRETMEN (CalisanID) VALUES (43);INSERT INTO app_PART_TIME_OGRETMEN (CalisanID) VALUES (44);INSERT INTO app_PART_TIME_OGRETMEN (CalisanID) VALUES (45);INSERT INTO app_PART_TIME_OGRETMEN (CalisanID) VALUES (46);INSERT INTO app_PART_TIME_OGRETMEN (CalisanID) VALUES (47);INSERT INTO app_PART_TIME_OGRETMEN (CalisanID) VALUES (48);INSERT INTO app_PART_TIME_OGRETMEN (CalisanID) VALUES (49);INSERT INTO app_PART_TIME_OGRETMEN (CalisanID) VALUES (50);INSERT INTO app_PART_TIME_OGRETMEN (CalisanID) VALUES (51);INSERT INTO app_PART_TIME_OGRETMEN (CalisanID) VALUES (52);INSERT INTO app_PART_TIME_OGRETMEN (CalisanID) VALUES (53);INSERT INTO app_PART_TIME_OGRETMEN (CalisanID) VALUES (54);INSERT INTO app_PART_TIME_OGRETMEN (CalisanID) VALUES (55);INSERT INTO app_PART_TIME_OGRETMEN (CalisanID) VALUES (56);INSERT INTO app_PART_TIME_OGRETMEN (CalisanID) VALUES (57);INSERT INTO app_PART_TIME_OGRETMEN (CalisanID) VALUES (58);INSERT INTO app_PART_TIME_OGRETMEN (CalisanID) VALUES (59);INSERT INTO app_PART_TIME_OGRETMEN (CalisanID) VALUES (60);

INSERT INTO app_PART_TIME_OGRETMEN_MESGULIYET (PartTimeOgretmenMesguliyetID, CalisanID, SaatGunID, Sebep) VALUES (1, 41, 33, 'Seminer');INSERT INTO app_PART_TIME_OGRETMEN_MESGULIYET (PartTimeOgretmenMesguliyetID, CalisanID, SaatGunID, Sebep) VALUES (2, 42, 9, 'Seminer');INSERT INTO app_PART_TIME_OGRETMEN_MESGULIYET (PartTimeOgretmenMesguliyetID, CalisanID, SaatGunID, Sebep) VALUES (3, 43, 29, 'Hastalik');INSERT INTO app_PART_TIME_OGRETMEN_MESGULIYET (PartTimeOgretmenMesguliyetID, CalisanID, SaatGunID, Sebep) VALUES (4, 44, 25, 'Seminer');INSERT INTO app_PART_TIME_OGRETMEN_MESGULIYET (PartTimeOgretmenMesguliyetID, CalisanID, SaatGunID, Sebep) VALUES (5, 45, 38, 'Egitim');INSERT INTO app_PART_TIME_OGRETMEN_MESGULIYET (PartTimeOgretmenMesguliyetID, CalisanID, SaatGunID, Sebep) VALUES (6, 46, 19, 'Konferans');INSERT INTO app_PART_TIME_OGRETMEN_MESGULIYET (PartTimeOgretmenMesguliyetID, CalisanID, SaatGunID, Sebep) VALUES (7, 47, 35, 'Konferans');INSERT INTO app_PART_TIME_OGRETMEN_MESGULIYET (PartTimeOgretmenMesguliyetID, CalisanID, SaatGunID, Sebep) VALUES (8, 48, 10, 'Seminer');INSERT INTO app_PART_TIME_OGRETMEN_MESGULIYET (PartTimeOgretmenMesguliyetID, CalisanID, SaatGunID, Sebep) VALUES (9, 49, 18, 'Konferans');INSERT INTO app_PART_TIME_OGRETMEN_MESGULIYET (PartTimeOgretmenMesguliyetID, CalisanID, SaatGunID, Sebep) VALUES (10, 50, 1, 'Toplanti');INSERT INTO app_PART_TIME_OGRETMEN_MESGULIYET (PartTimeOgretmenMesguliyetID, CalisanID, SaatGunID, Sebep) VALUES (11, 51, 52, 'Egitim');INSERT INTO app_PART_TIME_OGRETMEN_MESGULIYET (PartTimeOgretmenMesguliyetID, CalisanID, SaatGunID, Sebep) VALUES (12, 52, 8, 'Egitim');INSERT INTO app_PART_TIME_OGRETMEN_MESGULIYET (PartTimeOgretmenMesguliyetID, CalisanID, SaatGunID, Sebep) VALUES (13, 53, 33, 'Konferans');INSERT INTO app_PART_TIME_OGRETMEN_MESGULIYET (PartTimeOgretmenMesguliyetID, CalisanID, SaatGunID, Sebep) VALUES (14, 54, 44, 'Konferans');INSERT INTO app_PART_TIME_OGRETMEN_MESGULIYET (PartTimeOgretmenMesguliyetID, CalisanID, SaatGunID, Sebep) VALUES (15, 55, 20, 'Seminer');INSERT INTO app_PART_TIME_OGRETMEN_MESGULIYET (PartTimeOgretmenMesguliyetID, CalisanID, SaatGunID, Sebep) VALUES (16, 56, 52, 'Hastalik');INSERT INTO app_PART_TIME_OGRETMEN_MESGULIYET (PartTimeOgretmenMesguliyetID, CalisanID, SaatGunID, Sebep) VALUES (17, 57, 32, 'Konferans');INSERT INTO app_PART_TIME_OGRETMEN_MESGULIYET (PartTimeOgretmenMesguliyetID, CalisanID, SaatGunID, Sebep) VALUES (18, 58, 7, 'Toplanti');INSERT INTO app_PART_TIME_OGRETMEN_MESGULIYET (PartTimeOgretmenMesguliyetID, CalisanID, SaatGunID, Sebep) VALUES (19, 59, 2, 'Seminer');INSERT INTO app_PART_TIME_OGRETMEN_MESGULIYET (PartTimeOgretmenMesguliyetID, CalisanID, SaatGunID, Sebep) VALUES (20, 60, 49, 'Toplanti');
INSERT INTO app_AKTIF_OGRENCI (OgrenciID, Ad, Soyad, Numara, Tel, Email, Adres, GPA) VALUES (1, 'ENGIN', 'CINDEMIR', '201337559', '05826015060', 'example10@yahoo.com', 'Cubuk', 2.819905417808802);INSERT INTO app_AKTIF_OGRENCI (OgrenciID, Ad, Soyad, Numara, Tel, Email, Adres, GPA) VALUES (2, 'REYHAN', 'VURAL', '201112000', '05507623475', 'example81@etu.edu.tr', 'Mamak', 3.9587284983550477);INSERT INTO app_AKTIF_OGRENCI (OgrenciID, Ad, Soyad, Numara, Tel, Email, Adres, GPA) VALUES (3, 'HUSEYIN YAVUZ', 'DOGAN', '201177678', '05263325574', 'example85@outlook.com', 'Yenimahalle', 3.3939347464525422);INSERT INTO app_AKTIF_OGRENCI (OgrenciID, Ad, Soyad, Numara, Tel, Email, Adres, GPA) VALUES (4, 'SERDAL', 'OGUT AYDIN', '201941080', '05435864216', 'example59@etu.edu.tr', 'Bala', 2.1847360430091465);INSERT INTO app_AKTIF_OGRENCI (OgrenciID, Ad, Soyad, Numara, Tel, Email, Adres, GPA) VALUES (5, 'ILHAN', 'OZTURK', '201923091', '05760200050', 'example40@etu.edu.tr', 'Kecioren', 3.289094571292533);INSERT INTO app_AKTIF_OGRENCI (OgrenciID, Ad, Soyad, Numara, Tel, Email, Adres, GPA) VALUES (6, 'GOKMEN', 'KUFECiLER', '201904782', '05942574963', 'example19@etu.edu.tr', 'Kalecik', 2.972995122593301);INSERT INTO app_AKTIF_OGRENCI (OgrenciID, Ad, Soyad, Numara, Tel, Email, Adres, GPA) VALUES (7, 'MERAL LEMAN', 'ORHON', '201991810', '05379198578', 'example6@outlook.com', 'Ayas', 2.0018647908879963);INSERT INTO app_AKTIF_OGRENCI (OgrenciID, Ad, Soyad, Numara, Tel, Email, Adres, GPA) VALUES (8, 'ERSAGUN', 'KULAC', '201551036', '05734017255', 'example24@icloud.com', 'Bala', 3.379365941311939);INSERT INTO app_AKTIF_OGRENCI (OgrenciID, Ad, Soyad, Numara, Tel, Email, Adres, GPA) VALUES (9, 'ZEYNEP', 'CEViK', '201982587', '05990638344', 'example73@gmail.com', 'Kalecik', 2.4482687305295396);INSERT INTO app_AKTIF_OGRENCI (OgrenciID, Ad, Soyad, Numara, Tel, Email, Adres, GPA) VALUES (10, 'BAHRI', 'TAHTACI', '201446850', '05884357935', 'example44@outlook.com', 'Sincan', 2.59761076057981);INSERT INTO app_AKTIF_OGRENCI (OgrenciID, Ad, Soyad, Numara, Tel, Email, Adres, GPA) VALUES (11, 'ENGIN', 'SELiMAN', '201300281', '05763814783', 'example100@gmail.com', 'Sereflikochisar', 2.417002715389936);INSERT INTO app_AKTIF_OGRENCI (OgrenciID, Ad, Soyad, Numara, Tel, Email, Adres, GPA) VALUES (12, 'KORAY', 'YADiGAROGLU', '201957366', '05675008263', 'example93@yahoo.com', 'Gudul', 2.2199576222221094);INSERT INTO app_AKTIF_OGRENCI (OgrenciID, Ad, Soyad, Numara, Tel, Email, Adres, GPA) VALUES (13, 'SEVGI', 'OZDEMiR', '201828376', '05513181072', 'example64@yahoo.com', 'Elmadag', 2.4656191208033706);INSERT INTO app_AKTIF_OGRENCI (OgrenciID, Ad, Soyad, Numara, Tel, Email, Adres, GPA) VALUES (14, 'GAMZE', 'KOC', '201142539', '05451073664', 'example12@outlook.com', 'Beypazari', 2.125324990994092);INSERT INTO app_AKTIF_OGRENCI (OgrenciID, Ad, Soyad, Numara, Tel, Email, Adres, GPA) VALUES (15, 'GOKHAN', 'CEViK', '201143044', '05623429248', 'example82@etu.edu.tr', 'Golbasi', 3.9624454699337557);INSERT INTO app_AKTIF_OGRENCI (OgrenciID, Ad, Soyad, Numara, Tel, Email, Adres, GPA) VALUES (16, 'ISMAIL', 'AKCAN ATASOY', '201213692', '05657184781', 'example79@yahoo.com', 'Etimesgut', 3.5771682102965423);INSERT INTO app_AKTIF_OGRENCI (OgrenciID, Ad, Soyad, Numara, Tel, Email, Adres, GPA) VALUES (17, 'BAHRI', 'KARABAG', '201275247', '05727783532', 'example3@icloud.com', 'Kazan', 3.9650912075045177);INSERT INTO app_AKTIF_OGRENCI (OgrenciID, Ad, Soyad, Numara, Tel, Email, Adres, GPA) VALUES (18, 'HAYATI', 'AKIN', '201758769', '05903170378', 'example44@icloud.com', 'Akyurt', 3.3116168955430734);INSERT INTO app_AKTIF_OGRENCI (OgrenciID, Ad, Soyad, Numara, Tel, Email, Adres, GPA) VALUES (19, 'EMRE', 'KUMRAL', '201503838', '05169764701', 'example9@etu.edu.tr', 'Elmadag', 3.029877102184621);INSERT INTO app_AKTIF_OGRENCI (OgrenciID, Ad, Soyad, Numara, Tel, Email, Adres, GPA) VALUES (20, 'FATIH', 'SENTURK', '201574898', '05904620991', 'example91@yahoo.com', 'Mamak', 2.093492473275692);
INSERT INTO app_MEZUN_OGRENCI (OgrenciID, Ad, Soyad, Numara, Tel, Email, Adres, MezuniyetGPA, MezuniyetTarihi) VALUES (21, 'MERAL LEMAN', 'BiLGiC', '201607613', '05936885837', 'example36@outlook.com', 'Gudul', 3.307040109535061, '2002-06-05');INSERT INTO app_MEZUN_OGRENCI (OgrenciID, Ad, Soyad, Numara, Tel, Email, Adres, MezuniyetGPA, MezuniyetTarihi) VALUES (22, 'SERDAL', 'AYDOGAN', '201761871', '05595498310', 'example28@yahoo.com', 'Nallihan', 2.8079341316537745, '2000-11-12');INSERT INTO app_MEZUN_OGRENCI (OgrenciID, Ad, Soyad, Numara, Tel, Email, Adres, MezuniyetGPA, MezuniyetTarihi) VALUES (23, 'MURAT', 'TUFEKCi', '201718401', '05986345349', 'example28@outlook.com', 'Yenimahalle', 3.220690909911128, '2021-09-23');INSERT INTO app_MEZUN_OGRENCI (OgrenciID, Ad, Soyad, Numara, Tel, Email, Adres, MezuniyetGPA, MezuniyetTarihi) VALUES (24, 'MUSTAFA', 'AK', '201146533', '05408335525', 'example45@outlook.com', 'Mamak', 3.353227097760767, '2022-05-25');INSERT INTO app_MEZUN_OGRENCI (OgrenciID, Ad, Soyad, Numara, Tel, Email, Adres, MezuniyetGPA, MezuniyetTarihi) VALUES (25, 'BAHATTIN', 'HALHALLI', '201804808', '05418254220', 'example12@yahoo.com', 'Beypazari', 2.483937413528418, '2016-01-28');INSERT INTO app_MEZUN_OGRENCI (OgrenciID, Ad, Soyad, Numara, Tel, Email, Adres, MezuniyetGPA, MezuniyetTarihi) VALUES (26, 'MANSUR', 'YiGiT', '201349387', '05446741280', 'example43@outlook.com', 'Nallihan', 2.1232884834976007, '2023-02-28');INSERT INTO app_MEZUN_OGRENCI (OgrenciID, Ad, Soyad, Numara, Tel, Email, Adres, MezuniyetGPA, MezuniyetTarihi) VALUES (27, 'HASIM ONUR', 'CENGiZ', '201657932', '05435737870', 'example9@yahoo.com', 'Sincan', 2.0641613410193074, '2023-07-03');INSERT INTO app_MEZUN_OGRENCI (OgrenciID, Ad, Soyad, Numara, Tel, Email, Adres, MezuniyetGPA, MezuniyetTarihi) VALUES (28, 'MEHMET', 'HALHALLI', '201531017', '05709968108', 'example73@gmail.com', 'Kecioren', 3.0773125986473406, '2004-09-12');INSERT INTO app_MEZUN_OGRENCI (OgrenciID, Ad, Soyad, Numara, Tel, Email, Adres, MezuniyetGPA, MezuniyetTarihi) VALUES (29, 'BIRSEN', 'KAYACAN', '201515413', '05736173009', 'example51@outlook.com', 'Haymana', 3.364199449722603, '2018-05-21');INSERT INTO app_MEZUN_OGRENCI (OgrenciID, Ad, Soyad, Numara, Tel, Email, Adres, MezuniyetGPA, MezuniyetTarihi) VALUES (30, 'BAHATTIN', 'SEYHANLI', '201913078', '05295068919', 'example42@icloud.com', 'Kalecik', 3.921807493728468, '2020-01-26');INSERT INTO app_MEZUN_OGRENCI (OgrenciID, Ad, Soyad, Numara, Tel, Email, Adres, MezuniyetGPA, MezuniyetTarihi) VALUES (31, 'KORAY', 'KANDEMiR', '201936571', '05269184386', 'example80@yahoo.com', 'Nallihan', 3.2637340963458072, '2023-11-27');INSERT INTO app_MEZUN_OGRENCI (OgrenciID, Ad, Soyad, Numara, Tel, Email, Adres, MezuniyetGPA, MezuniyetTarihi) VALUES (32, 'FATIH', 'KUFECiLER', '201762123', '05296958838', 'example56@icloud.com', 'Elmadag', 3.1268816860488284, '2002-07-18');INSERT INTO app_MEZUN_OGRENCI (OgrenciID, Ad, Soyad, Numara, Tel, Email, Adres, MezuniyetGPA, MezuniyetTarihi) VALUES (33, 'SENEM', 'KUTLU', '201270031', '05717418715', 'example29@yahoo.com', 'Yenimahalle', 3.837103864663435, '2003-03-01');INSERT INTO app_MEZUN_OGRENCI (OgrenciID, Ad, Soyad, Numara, Tel, Email, Adres, MezuniyetGPA, MezuniyetTarihi) VALUES (34, 'BUNYAMIN', 'YAMAN', '201600778', '05204555397', 'example98@etu.edu.tr', 'Ayas', 2.3959318095414908, '2016-01-14');INSERT INTO app_MEZUN_OGRENCI (OgrenciID, Ad, Soyad, Numara, Tel, Email, Adres, MezuniyetGPA, MezuniyetTarihi) VALUES (35, 'BASAK', 'KARAKUM', '201593375', '05363399344', 'example65@icloud.com', 'Golbasi', 2.52330796562223, '2022-11-14');INSERT INTO app_MEZUN_OGRENCI (OgrenciID, Ad, Soyad, Numara, Tel, Email, Adres, MezuniyetGPA, MezuniyetTarihi) VALUES (36, 'IBRAHIM', 'TUTEN', '201207029', '05207905426', 'example75@yahoo.com', 'Kazan', 2.9180104692205333, '2014-07-15');INSERT INTO app_MEZUN_OGRENCI (OgrenciID, Ad, Soyad, Numara, Tel, Email, Adres, MezuniyetGPA, MezuniyetTarihi) VALUES (37, 'SEDA', 'ORAL', '201506601', '05849077554', 'example17@gmail.com', 'Kazan', 2.060958384338099, '2022-03-09');INSERT INTO app_MEZUN_OGRENCI (OgrenciID, Ad, Soyad, Numara, Tel, Email, Adres, MezuniyetGPA, MezuniyetTarihi) VALUES (38, 'TUBA', 'ERGE', '201873333', '05235050080', 'example21@etu.edu.tr', 'Golbasi', 2.758141149649634, '2007-03-25');INSERT INTO app_MEZUN_OGRENCI (OgrenciID, Ad, Soyad, Numara, Tel, Email, Adres, MezuniyetGPA, MezuniyetTarihi) VALUES (39, 'MUSTAFA FERHAT', 'TOPAL', '201836575', '05159510084', 'example65@outlook.com', 'Elmadag', 3.4444610190529223, '2022-02-16');INSERT INTO app_MEZUN_OGRENCI (OgrenciID, Ad, Soyad, Numara, Tel, Email, Adres, MezuniyetGPA, MezuniyetTarihi) VALUES (40, 'DILEK', 'KARTAL', '201435533', '05768594455', 'example73@etu.edu.tr', 'Yenimahalle', 3.881676233194306, '2014-07-17');
INSERT INTO app_VELI (VeliID, OgrenciID, VeliAdi, VeliSoyadi, VeliTel, VeliEmail) VALUES (1, 1, 'DILEK', 'CINDEMIR', '05648343077', 'example52@icloud.com');INSERT INTO app_VELI (VeliID, OgrenciID, VeliAdi, VeliSoyadi, VeliTel, VeliEmail) VALUES (2, 2, 'MUSTAFA', 'VURAL', '05220681823', 'example24@icloud.com');INSERT INTO app_VELI (VeliID, OgrenciID, VeliAdi, VeliSoyadi, VeliTel, VeliEmail) VALUES (3, 3, 'SERDAL', 'DOGAN', '05308824498', 'example14@yahoo.com');INSERT INTO app_VELI (VeliID, OgrenciID, VeliAdi, VeliSoyadi, VeliTel, VeliEmail) VALUES (4, 4, 'KAMIL', 'OGUT AYDIN', '05684390179', 'example12@icloud.com');INSERT INTO app_VELI (VeliID, OgrenciID, VeliAdi, VeliSoyadi, VeliTel, VeliEmail) VALUES (5, 5, 'BIRSEN', 'OZTURK', '05685550195', 'example66@yahoo.com');INSERT INTO app_VELI (VeliID, OgrenciID, VeliAdi, VeliSoyadi, VeliTel, VeliEmail) VALUES (6, 6, 'RABIA', 'KUFECiLER', '05605301659', 'example43@icloud.com');INSERT INTO app_VELI (VeliID, OgrenciID, VeliAdi, VeliSoyadi, VeliTel, VeliEmail) VALUES (7, 7, 'HALE', 'ORHON', '05922738081', 'example9@gmail.com');INSERT INTO app_VELI (VeliID, OgrenciID, VeliAdi, VeliSoyadi, VeliTel, VeliEmail) VALUES (8, 8, 'ISMAIL', 'KULAC', '05675319977', 'example56@icloud.com');INSERT INTO app_VELI (VeliID, OgrenciID, VeliAdi, VeliSoyadi, VeliTel, VeliEmail) VALUES (9, 9, 'NEBI', 'CEViK', '05661607267', 'example51@outlook.com');INSERT INTO app_VELI (VeliID, OgrenciID, VeliAdi, VeliSoyadi, VeliTel, VeliEmail) VALUES (10, 10, 'EBRU', 'TAHTACI', '05118225155', 'example36@gmail.com');INSERT INTO app_VELI (VeliID, OgrenciID, VeliAdi, VeliSoyadi, VeliTel, VeliEmail) VALUES (11, 11, 'BAYRAM', 'SELiMAN', '05645894687', 'example90@outlook.com');INSERT INTO app_VELI (VeliID, OgrenciID, VeliAdi, VeliSoyadi, VeliTel, VeliEmail) VALUES (12, 12, 'SERDAR', 'YADiGAROGLU', '05966909186', 'example61@icloud.com');INSERT INTO app_VELI (VeliID, OgrenciID, VeliAdi, VeliSoyadi, VeliTel, VeliEmail) VALUES (13, 13, 'SUKRU', 'OZDEMiR', '05636244471', 'example6@icloud.com');INSERT INTO app_VELI (VeliID, OgrenciID, VeliAdi, VeliSoyadi, VeliTel, VeliEmail) VALUES (14, 14, 'ILHAN', 'KOC', '05813894853', 'example84@outlook.com');INSERT INTO app_VELI (VeliID, OgrenciID, VeliAdi, VeliSoyadi, VeliTel, VeliEmail) VALUES (15, 15, 'SEYMA', 'CEViK', '05620118799', 'example34@icloud.com');INSERT INTO app_VELI (VeliID, OgrenciID, VeliAdi, VeliSoyadi, VeliTel, VeliEmail) VALUES (16, 16, 'SERDAR', 'AKCAN ATASOY', '05984695441', 'example40@outlook.com');INSERT INTO app_VELI (VeliID, OgrenciID, VeliAdi, VeliSoyadi, VeliTel, VeliEmail) VALUES (17, 17, 'AYDIN', 'KARABAG', '05406988284', 'example93@icloud.com');INSERT INTO app_VELI (VeliID, OgrenciID, VeliAdi, VeliSoyadi, VeliTel, VeliEmail) VALUES (18, 18, 'EZGI', 'AKIN', '05151519630', 'example94@icloud.com');INSERT INTO app_VELI (VeliID, OgrenciID, VeliAdi, VeliSoyadi, VeliTel, VeliEmail) VALUES (19, 19, 'OZCAN', 'KUMRAL', '05731350395', 'example96@gmail.com');INSERT INTO app_VELI (VeliID, OgrenciID, VeliAdi, VeliSoyadi, VeliTel, VeliEmail) VALUES (20, 20, 'HASAN SERKAN', 'SENTURK', '05528431657', 'example79@yahoo.com');
INSERT INTO app_AKTIF_OGRENCI_MESGULIYET (AktifOgrenciMesguliyetID, OgrenciID, SaatGunID, Sebep) VALUES (1, 1, 15, 'Konferans');INSERT INTO app_AKTIF_OGRENCI_MESGULIYET (AktifOgrenciMesguliyetID, OgrenciID, SaatGunID, Sebep) VALUES (2, 2, 13, 'Hastalik');INSERT INTO app_AKTIF_OGRENCI_MESGULIYET (AktifOgrenciMesguliyetID, OgrenciID, SaatGunID, Sebep) VALUES (3, 3, 34, 'Konferans');INSERT INTO app_AKTIF_OGRENCI_MESGULIYET (AktifOgrenciMesguliyetID, OgrenciID, SaatGunID, Sebep) VALUES (4, 4, 41, 'Toplanti');INSERT INTO app_AKTIF_OGRENCI_MESGULIYET (AktifOgrenciMesguliyetID, OgrenciID, SaatGunID, Sebep) VALUES (5, 5, 14, 'Egitim');INSERT INTO app_AKTIF_OGRENCI_MESGULIYET (AktifOgrenciMesguliyetID, OgrenciID, SaatGunID, Sebep) VALUES (6, 6, 6, 'Izinli');INSERT INTO app_AKTIF_OGRENCI_MESGULIYET (AktifOgrenciMesguliyetID, OgrenciID, SaatGunID, Sebep) VALUES (7, 7, 13, 'Toplanti');INSERT INTO app_AKTIF_OGRENCI_MESGULIYET (AktifOgrenciMesguliyetID, OgrenciID, SaatGunID, Sebep) VALUES (8, 8, 51, 'Seminer');INSERT INTO app_AKTIF_OGRENCI_MESGULIYET (AktifOgrenciMesguliyetID, OgrenciID, SaatGunID, Sebep) VALUES (9, 9, 53, 'Hastalik');INSERT INTO app_AKTIF_OGRENCI_MESGULIYET (AktifOgrenciMesguliyetID, OgrenciID, SaatGunID, Sebep) VALUES (10, 10, 30, 'Hastalik');INSERT INTO app_AKTIF_OGRENCI_MESGULIYET (AktifOgrenciMesguliyetID, OgrenciID, SaatGunID, Sebep) VALUES (11, 11, 50, 'Hastalik');INSERT INTO app_AKTIF_OGRENCI_MESGULIYET (AktifOgrenciMesguliyetID, OgrenciID, SaatGunID, Sebep) VALUES (12, 12, 15, 'Toplanti');INSERT INTO app_AKTIF_OGRENCI_MESGULIYET (AktifOgrenciMesguliyetID, OgrenciID, SaatGunID, Sebep) VALUES (13, 13, 21, 'Izinli');INSERT INTO app_AKTIF_OGRENCI_MESGULIYET (AktifOgrenciMesguliyetID, OgrenciID, SaatGunID, Sebep) VALUES (14, 14, 11, 'Toplanti');INSERT INTO app_AKTIF_OGRENCI_MESGULIYET (AktifOgrenciMesguliyetID, OgrenciID, SaatGunID, Sebep) VALUES (15, 15, 46, 'Hastalik');INSERT INTO app_AKTIF_OGRENCI_MESGULIYET (AktifOgrenciMesguliyetID, OgrenciID, SaatGunID, Sebep) VALUES (16, 16, 10, 'Izinli');INSERT INTO app_AKTIF_OGRENCI_MESGULIYET (AktifOgrenciMesguliyetID, OgrenciID, SaatGunID, Sebep) VALUES (17, 17, 19, 'Egitim');INSERT INTO app_AKTIF_OGRENCI_MESGULIYET (AktifOgrenciMesguliyetID, OgrenciID, SaatGunID, Sebep) VALUES (18, 18, 44, 'Izinli');INSERT INTO app_AKTIF_OGRENCI_MESGULIYET (AktifOgrenciMesguliyetID, OgrenciID, SaatGunID, Sebep) VALUES (19, 19, 49, 'Egitim');INSERT INTO app_AKTIF_OGRENCI_MESGULIYET (AktifOgrenciMesguliyetID, OgrenciID, SaatGunID, Sebep) VALUES (20, 20, 16, 'Hastalik');
INSERT INTO app_DERS (DersID, DersAdi, DersKodu) VALUES (1, 'Geometri', 'D347');INSERT INTO app_DERS (DersID, DersAdi, DersKodu) VALUES (2, 'Yazilim', 'D658');INSERT INTO app_DERS (DersID, DersAdi, DersKodu) VALUES (3, 'Beden', 'D462');INSERT INTO app_DERS (DersID, DersAdi, DersKodu) VALUES (4, 'Turkce', 'D603');INSERT INTO app_DERS (DersID, DersAdi, DersKodu) VALUES (5, 'Biyoloji', 'D660');INSERT INTO app_DERS (DersID, DersAdi, DersKodu) VALUES (6, 'Matematik', 'D589');INSERT INTO app_DERS (DersID, DersAdi, DersKodu) VALUES (7, 'Edebiyat', 'D195');INSERT INTO app_DERS (DersID, DersAdi, DersKodu) VALUES (8, 'Biyoloji', 'D914');INSERT INTO app_DERS (DersID, DersAdi, DersKodu) VALUES (9, 'Edebiyat', 'D529');INSERT INTO app_DERS (DersID, DersAdi, DersKodu) VALUES (10, 'Cografya', 'D391');INSERT INTO app_DERS (DersID, DersAdi, DersKodu) VALUES (11, 'Kimya', 'D303');INSERT INTO app_DERS (DersID, DersAdi, DersKodu) VALUES (12, 'Muzik', 'D925');INSERT INTO app_DERS (DersID, DersAdi, DersKodu) VALUES (13, 'Tarih', 'D328');INSERT INTO app_DERS (DersID, DersAdi, DersKodu) VALUES (14, 'Yazilim', 'D763');INSERT INTO app_DERS (DersID, DersAdi, DersKodu) VALUES (15, 'Fizik', 'D514');INSERT INTO app_DERS (DersID, DersAdi, DersKodu) VALUES (16, 'Fizik', 'D532');INSERT INTO app_DERS (DersID, DersAdi, DersKodu) VALUES (17, 'Edebiyat', 'D180');INSERT INTO app_DERS (DersID, DersAdi, DersKodu) VALUES (18, 'Geometri', 'D984');INSERT INTO app_DERS (DersID, DersAdi, DersKodu) VALUES (19, 'Matematik', 'D548');INSERT INTO app_DERS (DersID, DersAdi, DersKodu) VALUES (20, 'Matematik', 'D742');
INSERT INTO app_AKTIF_DERS (AktifDersID, DersID, CalisanID, DersKodu, DersAdi, Syllabus, DersGunu, DersSaati) VALUES (1, 5, 41, 'D218', 'Cografya', 'Syllabus Content', NULL, NULL);INSERT INTO app_AKTIF_DERS (AktifDersID, DersID, CalisanID, DersKodu, DersAdi, Syllabus, DersGunu, DersSaati) VALUES (2, 17, 43, 'D413', 'Kimya', 'Syllabus Content', NULL, NULL);INSERT INTO app_AKTIF_DERS (AktifDersID, DersID, CalisanID, DersKodu, DersAdi, Syllabus, DersGunu, DersSaati) VALUES (3, 14, 45, 'D365', 'Matematik', 'Syllabus Content', NULL, NULL);INSERT INTO app_AKTIF_DERS (AktifDersID, DersID, CalisanID, DersKodu, DersAdi, Syllabus, DersGunu, DersSaati) VALUES (4, 11, 47, 'D172', 'Muzik', 'Syllabus Content', NULL, NULL);INSERT INTO app_AKTIF_DERS (AktifDersID, DersID, CalisanID, DersKodu, DersAdi, Syllabus, DersGunu, DersSaati) VALUES (5, 18, 49, 'D242', 'Kimya', 'Syllabus Content', NULL, NULL);INSERT INTO app_AKTIF_DERS (AktifDersID, DersID, CalisanID, DersKodu, DersAdi, Syllabus, DersGunu, DersSaati) VALUES (6, 7, 51, 'D983', 'Kimya', 'Syllabus Content', NULL, NULL);INSERT INTO app_AKTIF_DERS (AktifDersID, DersID, CalisanID, DersKodu, DersAdi, Syllabus, DersGunu, DersSaati) VALUES (7, 3, 53, 'D852', 'Muzik', 'Syllabus Content', NULL, NULL);INSERT INTO app_AKTIF_DERS (AktifDersID, DersID, CalisanID, DersKodu, DersAdi, Syllabus, DersGunu, DersSaati) VALUES (8, 15, 55, 'D884', 'Geometri', 'Syllabus Content', NULL, NULL);INSERT INTO app_AKTIF_DERS (AktifDersID, DersID, CalisanID, DersKodu, DersAdi, Syllabus, DersGunu, DersSaati) VALUES (9, 2, 57, 'D326', 'Turkce', 'Syllabus Content', NULL, NULL);INSERT INTO app_AKTIF_DERS (AktifDersID, DersID, CalisanID, DersKodu, DersAdi, Syllabus, DersGunu, DersSaati) VALUES (10, 20, 59, 'D590', 'Yazilim', 'Syllabus Content', NULL, NULL);INSERT INTO app_AKTIF_DERS (AktifDersID, DersID, CalisanID, DersKodu, DersAdi, Syllabus, DersGunu, DersSaati) VALUES (11, 17, 61, 'D779', 'Geometri', 'Syllabus Content', NULL, NULL);INSERT INTO app_AKTIF_DERS (AktifDersID, DersID, CalisanID, DersKodu, DersAdi, Syllabus, DersGunu, DersSaati) VALUES (12, 6, 63, 'D885', 'Yazilim', 'Syllabus Content', NULL, NULL);INSERT INTO app_AKTIF_DERS (AktifDersID, DersID, CalisanID, DersKodu, DersAdi, Syllabus, DersGunu, DersSaati) VALUES (13, 19, 65, 'D602', 'Tarih', 'Syllabus Content', NULL, NULL);INSERT INTO app_AKTIF_DERS (AktifDersID, DersID, CalisanID, DersKodu, DersAdi, Syllabus, DersGunu, DersSaati) VALUES (14, 1, 67, 'D295', 'Beden', 'Syllabus Content', NULL, NULL);INSERT INTO app_AKTIF_DERS (AktifDersID, DersID, CalisanID, DersKodu, DersAdi, Syllabus, DersGunu, DersSaati) VALUES (15, 19, 69, 'D944', 'Kimya', 'Syllabus Content', NULL, NULL);INSERT INTO app_AKTIF_DERS (AktifDersID, DersID, CalisanID, DersKodu, DersAdi, Syllabus, DersGunu, DersSaati) VALUES (16, 13, 71, 'D856', 'Fizik', 'Syllabus Content', NULL, NULL);INSERT INTO app_AKTIF_DERS (AktifDersID, DersID, CalisanID, DersKodu, DersAdi, Syllabus, DersGunu, DersSaati) VALUES (17, 3, 73, 'D905', 'Yazilim', 'Syllabus Content', NULL, NULL);INSERT INTO app_AKTIF_DERS (AktifDersID, DersID, CalisanID, DersKodu, DersAdi, Syllabus, DersGunu, DersSaati) VALUES (18, 14, 75, 'D708', 'Geometri', 'Syllabus Content', NULL, NULL);INSERT INTO app_AKTIF_DERS (AktifDersID, DersID, CalisanID, DersKodu, DersAdi, Syllabus, DersGunu, DersSaati) VALUES (19, 9, 77, 'D752', 'Beden', 'Syllabus Content', NULL, NULL);INSERT INTO app_AKTIF_DERS (AktifDersID, DersID, CalisanID, DersKodu, DersAdi, Syllabus, DersGunu, DersSaati) VALUES (20, 8, 79, 'D443', 'Biyoloji', 'Syllabus Content', NULL, NULL);
INSERT INTO app_AKTIF_OGRENCI_DERS (AktifOgrenciDersID, AktifDersID, OgrenciID) VALUES (1, 5, 1);INSERT INTO app_AKTIF_OGRENCI_DERS (AktifOgrenciDersID, AktifDersID, OgrenciID) VALUES (2, 9, 2);INSERT INTO app_AKTIF_OGRENCI_DERS (AktifOgrenciDersID, AktifDersID, OgrenciID) VALUES (3, 3, 3);INSERT INTO app_AKTIF_OGRENCI_DERS (AktifOgrenciDersID, AktifDersID, OgrenciID) VALUES (4, 6, 4);INSERT INTO app_AKTIF_OGRENCI_DERS (AktifOgrenciDersID, AktifDersID, OgrenciID) VALUES (5, 12, 5);INSERT INTO app_AKTIF_OGRENCI_DERS (AktifOgrenciDersID, AktifDersID, OgrenciID) VALUES (6, 9, 6);INSERT INTO app_AKTIF_OGRENCI_DERS (AktifOgrenciDersID, AktifDersID, OgrenciID) VALUES (7, 14, 7);INSERT INTO app_AKTIF_OGRENCI_DERS (AktifOgrenciDersID, AktifDersID, OgrenciID) VALUES (8, 19, 8);INSERT INTO app_AKTIF_OGRENCI_DERS (AktifOgrenciDersID, AktifDersID, OgrenciID) VALUES (9, 18, 9);INSERT INTO app_AKTIF_OGRENCI_DERS (AktifOgrenciDersID, AktifDersID, OgrenciID) VALUES (10, 5, 10);INSERT INTO app_AKTIF_OGRENCI_DERS (AktifOgrenciDersID, AktifDersID, OgrenciID) VALUES (11, 18, 11);INSERT INTO app_AKTIF_OGRENCI_DERS (AktifOgrenciDersID, AktifDersID, OgrenciID) VALUES (12, 10, 12);INSERT INTO app_AKTIF_OGRENCI_DERS (AktifOgrenciDersID, AktifDersID, OgrenciID) VALUES (13, 10, 13);INSERT INTO app_AKTIF_OGRENCI_DERS (AktifOgrenciDersID, AktifDersID, OgrenciID) VALUES (14, 11, 14);INSERT INTO app_AKTIF_OGRENCI_DERS (AktifOgrenciDersID, AktifDersID, OgrenciID) VALUES (15, 1, 15);INSERT INTO app_AKTIF_OGRENCI_DERS (AktifOgrenciDersID, AktifDersID, OgrenciID) VALUES (16, 15, 16);INSERT INTO app_AKTIF_OGRENCI_DERS (AktifOgrenciDersID, AktifDersID, OgrenciID) VALUES (17, 12, 17);INSERT INTO app_AKTIF_OGRENCI_DERS (AktifOgrenciDersID, AktifDersID, OgrenciID) VALUES (18, 9, 18);INSERT INTO app_AKTIF_OGRENCI_DERS (AktifOgrenciDersID, AktifDersID, OgrenciID) VALUES (19, 15, 19);INSERT INTO app_AKTIF_OGRENCI_DERS (AktifOgrenciDersID, AktifDersID, OgrenciID) VALUES (20, 7, 20);
INSERT INTO app_EK_GIDER (GiderID, GiderAciklamasi, GiderMiktari, GiderTarihi) VALUES (1, 'Kirtasiye Gideri', 17117.62, '2016-12-13');INSERT INTO app_EK_GIDER (GiderID, GiderAciklamasi, GiderMiktari, GiderTarihi) VALUES (2, 'Yazilim Lisansi', 8286.15, '2006-01-25');INSERT INTO app_EK_GIDER (GiderID, GiderAciklamasi, GiderMiktari, GiderTarihi) VALUES (3, 'Bakim Giderleri', 15826.18, '2005-02-05');INSERT INTO app_EK_GIDER (GiderID, GiderAciklamasi, GiderMiktari, GiderTarihi) VALUES (4, 'Dogalgaz Faturasi', 12298.92, '2020-03-14');INSERT INTO app_EK_GIDER (GiderID, GiderAciklamasi, GiderMiktari, GiderTarihi) VALUES (5, 'Kirtasiye Gideri', 26059.48, '2012-02-05');INSERT INTO app_EK_GIDER (GiderID, GiderAciklamasi, GiderMiktari, GiderTarihi) VALUES (6, 'Dogalgaz Faturasi', 14783.36, '2022-12-23');INSERT INTO app_EK_GIDER (GiderID, GiderAciklamasi, GiderMiktari, GiderTarihi) VALUES (7, 'Bakim Giderleri', 14611.06, '2016-07-17');INSERT INTO app_EK_GIDER (GiderID, GiderAciklamasi, GiderMiktari, GiderTarihi) VALUES (8, 'Kirtasiye Gideri', 28257.64, '2021-01-12');INSERT INTO app_EK_GIDER (GiderID, GiderAciklamasi, GiderMiktari, GiderTarihi) VALUES (9, 'Kirtasiye Gideri', 5286.01, '2016-06-28');INSERT INTO app_EK_GIDER (GiderID, GiderAciklamasi, GiderMiktari, GiderTarihi) VALUES (10, 'Kirtasiye Gideri', 5496.86, '2011-01-26');INSERT INTO app_EK_GIDER (GiderID, GiderAciklamasi, GiderMiktari, GiderTarihi) VALUES (11, 'Yazilim Lisansi', 17860.35, '2001-05-06');INSERT INTO app_EK_GIDER (GiderID, GiderAciklamasi, GiderMiktari, GiderTarihi) VALUES (12, 'Yazilim Lisansi', 24311.78, '2006-07-12');INSERT INTO app_EK_GIDER (GiderID, GiderAciklamasi, GiderMiktari, GiderTarihi) VALUES (13, 'Elektrik Faturasi', 14306.46, '2014-12-17');INSERT INTO app_EK_GIDER (GiderID, GiderAciklamasi, GiderMiktari, GiderTarihi) VALUES (14, 'Kirtasiye Gideri', 4858.76, '2016-09-12');INSERT INTO app_EK_GIDER (GiderID, GiderAciklamasi, GiderMiktari, GiderTarihi) VALUES (15, 'Yazilim Lisansi', 23155.85, '2019-11-11');INSERT INTO app_EK_GIDER (GiderID, GiderAciklamasi, GiderMiktari, GiderTarihi) VALUES (16, 'Su Faturasi', 30970.21, '2000-11-19');INSERT INTO app_EK_GIDER (GiderID, GiderAciklamasi, GiderMiktari, GiderTarihi) VALUES (17, 'Elektrik Faturasi', 9768.86, '2003-09-02');INSERT INTO app_EK_GIDER (GiderID, GiderAciklamasi, GiderMiktari, GiderTarihi) VALUES (18, 'Kirtasiye Gideri', 17541.24, '2009-04-02');INSERT INTO app_EK_GIDER (GiderID, GiderAciklamasi, GiderMiktari, GiderTarihi) VALUES (19, 'Su Faturasi', 26841.40, '2017-03-24');INSERT INTO app_EK_GIDER (GiderID, GiderAciklamasi, GiderMiktari, GiderTarihi) VALUES (20, 'Yazilim Lisansi', 6590.16, '2010-06-09');
INSERT INTO app_MALZEME (MalzemeID, GiderID, MalzemeMiktari, MalzemeFiyat, MalzemeTuru) VALUES (1, NULL, 75, 16718.00, 'Kalem');INSERT INTO app_MALZEME (MalzemeID, GiderID, MalzemeMiktari, MalzemeFiyat, MalzemeTuru) VALUES (2, NULL, 63, 5836.06, 'Defter');INSERT INTO app_MALZEME (MalzemeID, GiderID, MalzemeMiktari, MalzemeFiyat, MalzemeTuru) VALUES (3, NULL, 29, 23637.03, 'Silgi');INSERT INTO app_MALZEME (MalzemeID, GiderID, MalzemeMiktari, MalzemeFiyat, MalzemeTuru) VALUES (4, NULL, 44, 18422.96, 'Tahta Kalemi');INSERT INTO app_MALZEME (MalzemeID, GiderID, MalzemeMiktari, MalzemeFiyat, MalzemeTuru) VALUES (5, NULL, 68, 10819.78, 'Kagit');INSERT INTO app_MALZEME (MalzemeID, GiderID, MalzemeMiktari, MalzemeFiyat, MalzemeTuru) VALUES (6, NULL, 59, 20927.49, 'Kagit');INSERT INTO app_MALZEME (MalzemeID, GiderID, MalzemeMiktari, MalzemeFiyat, MalzemeTuru) VALUES (7, NULL, 79, 32885.41, 'Silgi');INSERT INTO app_MALZEME (MalzemeID, GiderID, MalzemeMiktari, MalzemeFiyat, MalzemeTuru) VALUES (8, NULL, 78, 26502.74, 'Silgi');INSERT INTO app_MALZEME (MalzemeID, GiderID, MalzemeMiktari, MalzemeFiyat, MalzemeTuru) VALUES (9, NULL, 71, 3159.88, 'Kagit');INSERT INTO app_MALZEME (MalzemeID, GiderID, MalzemeMiktari, MalzemeFiyat, MalzemeTuru) VALUES (10, NULL, 99, 25762.11, 'Kitap');INSERT INTO app_MALZEME (MalzemeID, GiderID, MalzemeMiktari, MalzemeFiyat, MalzemeTuru) VALUES (11, NULL, 42, 9406.19, 'Laboratuvar Malzemesi');INSERT INTO app_MALZEME (MalzemeID, GiderID, MalzemeMiktari, MalzemeFiyat, MalzemeTuru) VALUES (12, NULL, 94, 23786.81, 'Sanat Malzemesi');INSERT INTO app_MALZEME (MalzemeID, GiderID, MalzemeMiktari, MalzemeFiyat, MalzemeTuru) VALUES (13, NULL, 70, 30993.78, 'Silgi');INSERT INTO app_MALZEME (MalzemeID, GiderID, MalzemeMiktari, MalzemeFiyat, MalzemeTuru) VALUES (14, NULL, 65, 16667.45, 'Kalem');INSERT INTO app_MALZEME (MalzemeID, GiderID, MalzemeMiktari, MalzemeFiyat, MalzemeTuru) VALUES (15, NULL, 98, 29098.15, 'Laboratuvar Malzemesi');INSERT INTO app_MALZEME (MalzemeID, GiderID, MalzemeMiktari, MalzemeFiyat, MalzemeTuru) VALUES (16, NULL, 61, 11995.81, 'Kalem');INSERT INTO app_MALZEME (MalzemeID, GiderID, MalzemeMiktari, MalzemeFiyat, MalzemeTuru) VALUES (17, NULL, 38, 29010.88, 'Laboratuvar Malzemesi');INSERT INTO app_MALZEME (MalzemeID, GiderID, MalzemeMiktari, MalzemeFiyat, MalzemeTuru) VALUES (18, NULL, 66, 21707.48, 'Laboratuvar Malzemesi');INSERT INTO app_MALZEME (MalzemeID, GiderID, MalzemeMiktari, MalzemeFiyat, MalzemeTuru) VALUES (19, NULL, 64, 16956.17, 'Kalem');INSERT INTO app_MALZEME (MalzemeID, GiderID, MalzemeMiktari, MalzemeFiyat, MalzemeTuru) VALUES (20, NULL, 59, 24905.26, 'Silgi');
INSERT INTO app_MALZEME_DERS (MalzemeDersID, AktifDersID, MalzemeID) VALUES (1, 8, 1);INSERT INTO app_MALZEME_DERS (MalzemeDersID, AktifDersID, MalzemeID) VALUES (2, 3, 2);INSERT INTO app_MALZEME_DERS (MalzemeDersID, AktifDersID, MalzemeID) VALUES (3, 7, 3);INSERT INTO app_MALZEME_DERS (MalzemeDersID, AktifDersID, MalzemeID) VALUES (4, 19, 4);INSERT INTO app_MALZEME_DERS (MalzemeDersID, AktifDersID, MalzemeID) VALUES (5, 11, 5);INSERT INTO app_MALZEME_DERS (MalzemeDersID, AktifDersID, MalzemeID) VALUES (6, 17, 6);INSERT INTO app_MALZEME_DERS (MalzemeDersID, AktifDersID, MalzemeID) VALUES (7, 2, 7);INSERT INTO app_MALZEME_DERS (MalzemeDersID, AktifDersID, MalzemeID) VALUES (8, 20, 8);INSERT INTO app_MALZEME_DERS (MalzemeDersID, AktifDersID, MalzemeID) VALUES (9, 8, 9);INSERT INTO app_MALZEME_DERS (MalzemeDersID, AktifDersID, MalzemeID) VALUES (10, 3, 10);INSERT INTO app_MALZEME_DERS (MalzemeDersID, AktifDersID, MalzemeID) VALUES (11, 18, 11);INSERT INTO app_MALZEME_DERS (MalzemeDersID, AktifDersID, MalzemeID) VALUES (12, 14, 12);INSERT INTO app_MALZEME_DERS (MalzemeDersID, AktifDersID, MalzemeID) VALUES (13, 5, 13);INSERT INTO app_MALZEME_DERS (MalzemeDersID, AktifDersID, MalzemeID) VALUES (14, 5, 14);INSERT INTO app_MALZEME_DERS (MalzemeDersID, AktifDersID, MalzemeID) VALUES (15, 2, 15);INSERT INTO app_MALZEME_DERS (MalzemeDersID, AktifDersID, MalzemeID) VALUES (16, 10, 16);INSERT INTO app_MALZEME_DERS (MalzemeDersID, AktifDersID, MalzemeID) VALUES (17, 11, 17);INSERT INTO app_MALZEME_DERS (MalzemeDersID, AktifDersID, MalzemeID) VALUES (18, 5, 18);INSERT INTO app_MALZEME_DERS (MalzemeDersID, AktifDersID, MalzemeID) VALUES (19, 9, 19);INSERT INTO app_MALZEME_DERS (MalzemeDersID, AktifDersID, MalzemeID) VALUES (20, 16, 20);
INSERT INTO app_SABIT_GIDER (GiderID, GiderAciklamasi, GiderMiktari) VALUES (21, 'Bakim Giderleri', 34241.82);INSERT INTO app_SABIT_GIDER (GiderID, GiderAciklamasi, GiderMiktari) VALUES (22, 'Kirtasiye Gideri', 10974.10);INSERT INTO app_SABIT_GIDER (GiderID, GiderAciklamasi, GiderMiktari) VALUES (23, 'Elektrik Faturasi', 2998.91);INSERT INTO app_SABIT_GIDER (GiderID, GiderAciklamasi, GiderMiktari) VALUES (24, 'Dogalgaz Faturasi', 5327.98);INSERT INTO app_SABIT_GIDER (GiderID, GiderAciklamasi, GiderMiktari) VALUES (25, 'Dogalgaz Faturasi', 2773.98);INSERT INTO app_SABIT_GIDER (GiderID, GiderAciklamasi, GiderMiktari) VALUES (26, 'Dogalgaz Faturasi', 8690.85);INSERT INTO app_SABIT_GIDER (GiderID, GiderAciklamasi, GiderMiktari) VALUES (27, 'Yazilim Lisansi', 3445.17);INSERT INTO app_SABIT_GIDER (GiderID, GiderAciklamasi, GiderMiktari) VALUES (28, 'Bakim Giderleri', 10216.89);INSERT INTO app_SABIT_GIDER (GiderID, GiderAciklamasi, GiderMiktari) VALUES (29, 'Elektrik Faturasi', 14560.77);INSERT INTO app_SABIT_GIDER (GiderID, GiderAciklamasi, GiderMiktari) VALUES (30, 'Kirtasiye Gideri', 5837.76);INSERT INTO app_SABIT_GIDER (GiderID, GiderAciklamasi, GiderMiktari) VALUES (31, 'Dogalgaz Faturasi', 22737.06);INSERT INTO app_SABIT_GIDER (GiderID, GiderAciklamasi, GiderMiktari) VALUES (32, 'Yazilim Lisansi', 14525.68);INSERT INTO app_SABIT_GIDER (GiderID, GiderAciklamasi, GiderMiktari) VALUES (33, 'Su Faturasi', 30226.94);INSERT INTO app_SABIT_GIDER (GiderID, GiderAciklamasi, GiderMiktari) VALUES (34, 'Bakim Giderleri', 26137.66);INSERT INTO app_SABIT_GIDER (GiderID, GiderAciklamasi, GiderMiktari) VALUES (35, 'Dogalgaz Faturasi', 16977.13);INSERT INTO app_SABIT_GIDER (GiderID, GiderAciklamasi, GiderMiktari) VALUES (36, 'Dogalgaz Faturasi', 30037.27);INSERT INTO app_SABIT_GIDER (GiderID, GiderAciklamasi, GiderMiktari) VALUES (37, 'Kirtasiye Gideri', 28702.73);INSERT INTO app_SABIT_GIDER (GiderID, GiderAciklamasi, GiderMiktari) VALUES (38, 'Su Faturasi', 22758.48);INSERT INTO app_SABIT_GIDER (GiderID, GiderAciklamasi, GiderMiktari) VALUES (39, 'Dogalgaz Faturasi', 9567.13);INSERT INTO app_SABIT_GIDER (GiderID, GiderAciklamasi, GiderMiktari) VALUES (40, 'Bakim Giderleri', 18873.94);
UPDATE app_AKTIF_DERS ad SET ad.DersSaati = (SELECT h.BaslangicVakti FROM app_HAFTANIN_SAATLERI h LEFT JOIN app_PART_TIME_OGRETMEN_MESGULIYET ptm ON h.SaatGunID = ptm.SaatGunID LEFT JOIN app_AKTIF_OGRENCI_MESGULIYET aom ON h.SaatGunID = aom.SaatGunID WHERE ptm.CalisanID IS NULL AND aom.OgrenciID IS NULL ORDER BY RAND() LIMIT 1);
