USE school_management_system;
DELETE FROM app_SABIT_GIDER;
DELETE FROM app_MALZEME_DERS;
DELETE FROM app_MALZEME;
DELETE FROM app_EK_GIDER;
DELETE FROM app_AKTIF_OGRENCI_DERS_TALEP;
DELETE FROM app_AKTIF_OGRENCI_ACILAN_DERS_ALIR;
DELETE FROM app_ACILAN_DERS;
DELETE FROM app_DERS;
DELETE FROM app_AKTIF_OGRENCI_MESGULIYET;
DELETE FROM app_VELI;
DELETE FROM app_AKTIF_OGRENCI;
DELETE FROM app_MEZUN_OGRENCI;
DELETE FROM app_PART_TIME_OGRETMEN_MESGULIYET;
DELETE FROM app_HAFTANIN_SAATLERI;
DELETE FROM app_FULL_TIME_OGRETMEN;
DELETE FROM app_PART_TIME_OGRETMEN;
DELETE FROM app_OGRETMEN;
DELETE FROM app_TEMIZLIK_GOREVLISI;
DELETE FROM app_IDARI_PERSONEL;

INSERT INTO app_HAFTANIN_SAATLERI (SaatGunID, BaslangicVakti, BitisVakti, Gun) VALUES (1, '07:00:00', '08:00:00', 'Pazartesi');
INSERT INTO app_HAFTANIN_SAATLERI (SaatGunID, BaslangicVakti, BitisVakti, Gun) VALUES (2, '08:00:00', '09:00:00', 'Pazartesi');
INSERT INTO app_HAFTANIN_SAATLERI (SaatGunID, BaslangicVakti, BitisVakti, Gun) VALUES (3, '09:00:00', '10:00:00', 'Pazartesi');
INSERT INTO app_HAFTANIN_SAATLERI (SaatGunID, BaslangicVakti, BitisVakti, Gun) VALUES (4, '10:00:00', '11:00:00', 'Pazartesi');
INSERT INTO app_HAFTANIN_SAATLERI (SaatGunID, BaslangicVakti, BitisVakti, Gun) VALUES (5, '11:00:00', '12:00:00', 'Pazartesi');
INSERT INTO app_HAFTANIN_SAATLERI (SaatGunID, BaslangicVakti, BitisVakti, Gun) VALUES (6, '12:00:00', '13:00:00', 'Pazartesi');
INSERT INTO app_HAFTANIN_SAATLERI (SaatGunID, BaslangicVakti, BitisVakti, Gun) VALUES (7, '13:00:00', '14:00:00', 'Pazartesi');
INSERT INTO app_HAFTANIN_SAATLERI (SaatGunID, BaslangicVakti, BitisVakti, Gun) VALUES (8, '14:00:00', '15:00:00', 'Pazartesi');
INSERT INTO app_HAFTANIN_SAATLERI (SaatGunID, BaslangicVakti, BitisVakti, Gun) VALUES (9, '15:00:00', '16:00:00', 'Pazartesi');
INSERT INTO app_HAFTANIN_SAATLERI (SaatGunID, BaslangicVakti, BitisVakti, Gun) VALUES (10, '16:00:00', '17:00:00', 'Pazartesi');
INSERT INTO app_HAFTANIN_SAATLERI (SaatGunID, BaslangicVakti, BitisVakti, Gun) VALUES (11, '17:00:00', '18:00:00', 'Pazartesi');
INSERT INTO app_HAFTANIN_SAATLERI (SaatGunID, BaslangicVakti, BitisVakti, Gun) VALUES (12, '07:00:00', '08:00:00', 'Sali');
INSERT INTO app_HAFTANIN_SAATLERI (SaatGunID, BaslangicVakti, BitisVakti, Gun) VALUES (13, '08:00:00', '09:00:00', 'Sali');
INSERT INTO app_HAFTANIN_SAATLERI (SaatGunID, BaslangicVakti, BitisVakti, Gun) VALUES (14, '09:00:00', '10:00:00', 'Sali');
INSERT INTO app_HAFTANIN_SAATLERI (SaatGunID, BaslangicVakti, BitisVakti, Gun) VALUES (15, '10:00:00', '11:00:00', 'Sali');
INSERT INTO app_HAFTANIN_SAATLERI (SaatGunID, BaslangicVakti, BitisVakti, Gun) VALUES (16, '11:00:00', '12:00:00', 'Sali');
INSERT INTO app_HAFTANIN_SAATLERI (SaatGunID, BaslangicVakti, BitisVakti, Gun) VALUES (17, '12:00:00', '13:00:00', 'Sali');
INSERT INTO app_HAFTANIN_SAATLERI (SaatGunID, BaslangicVakti, BitisVakti, Gun) VALUES (18, '13:00:00', '14:00:00', 'Sali');
INSERT INTO app_HAFTANIN_SAATLERI (SaatGunID, BaslangicVakti, BitisVakti, Gun) VALUES (19, '14:00:00', '15:00:00', 'Sali');
INSERT INTO app_HAFTANIN_SAATLERI (SaatGunID, BaslangicVakti, BitisVakti, Gun) VALUES (20, '15:00:00', '16:00:00', 'Sali');
INSERT INTO app_HAFTANIN_SAATLERI (SaatGunID, BaslangicVakti, BitisVakti, Gun) VALUES (21, '16:00:00', '17:00:00', 'Sali');
INSERT INTO app_HAFTANIN_SAATLERI (SaatGunID, BaslangicVakti, BitisVakti, Gun) VALUES (22, '17:00:00', '18:00:00', 'Sali');
INSERT INTO app_HAFTANIN_SAATLERI (SaatGunID, BaslangicVakti, BitisVakti, Gun) VALUES (23, '07:00:00', '08:00:00', 'Carsamba');
INSERT INTO app_HAFTANIN_SAATLERI (SaatGunID, BaslangicVakti, BitisVakti, Gun) VALUES (24, '08:00:00', '09:00:00', 'Carsamba');
INSERT INTO app_HAFTANIN_SAATLERI (SaatGunID, BaslangicVakti, BitisVakti, Gun) VALUES (25, '09:00:00', '10:00:00', 'Carsamba');
INSERT INTO app_HAFTANIN_SAATLERI (SaatGunID, BaslangicVakti, BitisVakti, Gun) VALUES (26, '10:00:00', '11:00:00', 'Carsamba');
INSERT INTO app_HAFTANIN_SAATLERI (SaatGunID, BaslangicVakti, BitisVakti, Gun) VALUES (27, '11:00:00', '12:00:00', 'Carsamba');
INSERT INTO app_HAFTANIN_SAATLERI (SaatGunID, BaslangicVakti, BitisVakti, Gun) VALUES (28, '12:00:00', '13:00:00', 'Carsamba');
INSERT INTO app_HAFTANIN_SAATLERI (SaatGunID, BaslangicVakti, BitisVakti, Gun) VALUES (29, '13:00:00', '14:00:00', 'Carsamba');
INSERT INTO app_HAFTANIN_SAATLERI (SaatGunID, BaslangicVakti, BitisVakti, Gun) VALUES (30, '14:00:00', '15:00:00', 'Carsamba');
INSERT INTO app_HAFTANIN_SAATLERI (SaatGunID, BaslangicVakti, BitisVakti, Gun) VALUES (31, '15:00:00', '16:00:00', 'Carsamba');
INSERT INTO app_HAFTANIN_SAATLERI (SaatGunID, BaslangicVakti, BitisVakti, Gun) VALUES (32, '16:00:00', '17:00:00', 'Carsamba');
INSERT INTO app_HAFTANIN_SAATLERI (SaatGunID, BaslangicVakti, BitisVakti, Gun) VALUES (33, '17:00:00', '18:00:00', 'Carsamba');
INSERT INTO app_HAFTANIN_SAATLERI (SaatGunID, BaslangicVakti, BitisVakti, Gun) VALUES (34, '07:00:00', '08:00:00', 'Persembe');
INSERT INTO app_HAFTANIN_SAATLERI (SaatGunID, BaslangicVakti, BitisVakti, Gun) VALUES (35, '08:00:00', '09:00:00', 'Persembe');
INSERT INTO app_HAFTANIN_SAATLERI (SaatGunID, BaslangicVakti, BitisVakti, Gun) VALUES (36, '09:00:00', '10:00:00', 'Persembe');
INSERT INTO app_HAFTANIN_SAATLERI (SaatGunID, BaslangicVakti, BitisVakti, Gun) VALUES (37, '10:00:00', '11:00:00', 'Persembe');
INSERT INTO app_HAFTANIN_SAATLERI (SaatGunID, BaslangicVakti, BitisVakti, Gun) VALUES (38, '11:00:00', '12:00:00', 'Persembe');
INSERT INTO app_HAFTANIN_SAATLERI (SaatGunID, BaslangicVakti, BitisVakti, Gun) VALUES (39, '12:00:00', '13:00:00', 'Persembe');
INSERT INTO app_HAFTANIN_SAATLERI (SaatGunID, BaslangicVakti, BitisVakti, Gun) VALUES (40, '13:00:00', '14:00:00', 'Persembe');
INSERT INTO app_HAFTANIN_SAATLERI (SaatGunID, BaslangicVakti, BitisVakti, Gun) VALUES (41, '14:00:00', '15:00:00', 'Persembe');
INSERT INTO app_HAFTANIN_SAATLERI (SaatGunID, BaslangicVakti, BitisVakti, Gun) VALUES (42, '15:00:00', '16:00:00', 'Persembe');
INSERT INTO app_HAFTANIN_SAATLERI (SaatGunID, BaslangicVakti, BitisVakti, Gun) VALUES (43, '16:00:00', '17:00:00', 'Persembe');
INSERT INTO app_HAFTANIN_SAATLERI (SaatGunID, BaslangicVakti, BitisVakti, Gun) VALUES (44, '17:00:00', '18:00:00', 'Persembe');
INSERT INTO app_HAFTANIN_SAATLERI (SaatGunID, BaslangicVakti, BitisVakti, Gun) VALUES (45, '07:00:00', '08:00:00', 'Cuma');
INSERT INTO app_HAFTANIN_SAATLERI (SaatGunID, BaslangicVakti, BitisVakti, Gun) VALUES (46, '08:00:00', '09:00:00', 'Cuma');
INSERT INTO app_HAFTANIN_SAATLERI (SaatGunID, BaslangicVakti, BitisVakti, Gun) VALUES (47, '09:00:00', '10:00:00', 'Cuma');
INSERT INTO app_HAFTANIN_SAATLERI (SaatGunID, BaslangicVakti, BitisVakti, Gun) VALUES (48, '10:00:00', '11:00:00', 'Cuma');
INSERT INTO app_HAFTANIN_SAATLERI (SaatGunID, BaslangicVakti, BitisVakti, Gun) VALUES (49, '11:00:00', '12:00:00', 'Cuma');
INSERT INTO app_HAFTANIN_SAATLERI (SaatGunID, BaslangicVakti, BitisVakti, Gun) VALUES (50, '12:00:00', '13:00:00', 'Cuma');
INSERT INTO app_HAFTANIN_SAATLERI (SaatGunID, BaslangicVakti, BitisVakti, Gun) VALUES (51, '13:00:00', '14:00:00', 'Cuma');
INSERT INTO app_HAFTANIN_SAATLERI (SaatGunID, BaslangicVakti, BitisVakti, Gun) VALUES (52, '14:00:00', '15:00:00', 'Cuma');
INSERT INTO app_HAFTANIN_SAATLERI (SaatGunID, BaslangicVakti, BitisVakti, Gun) VALUES (53, '15:00:00', '16:00:00', 'Cuma');
INSERT INTO app_HAFTANIN_SAATLERI (SaatGunID, BaslangicVakti, BitisVakti, Gun) VALUES (54, '16:00:00', '17:00:00', 'Cuma');
INSERT INTO app_HAFTANIN_SAATLERI (SaatGunID, BaslangicVakti, BitisVakti, Gun) VALUES (55, '17:00:00', '18:00:00', 'Cuma');

INSERT INTO app_IDARI_PERSONEL (CalisanID, Ad, Soyad, Adres, Tel, Email, Maas, BaslangicTarihi, DeneyimSuresi, Unvan) VALUES (1, 'MUSTAFA', 'GiRAY', 'Yenimahalle', '05303756326', 'mgiray@etu372.edu.tr', 28786.05, '2004-04-10', 12, 'Mudur');INSERT INTO app_IDARI_PERSONEL (CalisanID, Ad, Soyad, Adres, Tel, Email, Maas, BaslangicTarihi, DeneyimSuresi, Unvan) VALUES (2, 'OZCAN', 'AKOZ', 'Haymana', '05627716558', 'oakoz@etu372.edu.tr', 32049.09, '2012-05-28', 14, 'Muhasebeci');INSERT INTO app_IDARI_PERSONEL (CalisanID, Ad, Soyad, Adres, Tel, Email, Maas, BaslangicTarihi, DeneyimSuresi, Unvan) VALUES (3, 'UMUT', 'KUTLU', 'Mamak', '05426496741', 'ukutlu@etu372.edu.tr', 22887.61, '2008-05-07', 11, 'Bilisim Sorumlusu');INSERT INTO app_IDARI_PERSONEL (CalisanID, Ad, Soyad, Adres, Tel, Email, Maas, BaslangicTarihi, DeneyimSuresi, Unvan) VALUES (4, 'BAYRAM', 'ATAY', 'Sincan', '05623488364', 'batay@etu372.edu.tr', 10737.29, '2023-04-06', 26, 'Muhasebeci');INSERT INTO app_IDARI_PERSONEL (CalisanID, Ad, Soyad, Adres, Tel, Email, Maas, BaslangicTarihi, DeneyimSuresi, Unvan) VALUES (5, 'KUBILAY', 'TANRIKULU', 'Gudul', '05236396208', 'ktanrikulu@etu372.edu.tr', 33137.86, '2021-04-24', 27, 'Bilisim Sorumlusu');INSERT INTO app_IDARI_PERSONEL (CalisanID, Ad, Soyad, Adres, Tel, Email, Maas, BaslangicTarihi, DeneyimSuresi, Unvan) VALUES (6, 'SERDAL', 'SEYHANLI', 'Sereflikochisar', '05694475601', 'sseyhanli@etu372.edu.tr', 27049.44, '2016-06-09', 30, 'Mudur Yardimcisi');INSERT INTO app_IDARI_PERSONEL (CalisanID, Ad, Soyad, Adres, Tel, Email, Maas, BaslangicTarihi, DeneyimSuresi, Unvan) VALUES (7, 'FERDA', 'TULUBAS', 'Etimesgut', '05416520853', 'ftulubas@etu372.edu.tr', 10902.22, '2016-07-16', 1, 'Sekreter');INSERT INTO app_IDARI_PERSONEL (CalisanID, Ad, Soyad, Adres, Tel, Email, Maas, BaslangicTarihi, DeneyimSuresi, Unvan) VALUES (8, 'BIRSEN', 'MURT', 'Kizilcahamam', '05355369111', 'bmurt@etu372.edu.tr', 9541.90, '2011-07-06', 14, 'Sekreter');INSERT INTO app_IDARI_PERSONEL (CalisanID, Ad, Soyad, Adres, Tel, Email, Maas, BaslangicTarihi, DeneyimSuresi, Unvan) VALUES (9, 'LATIFE', 'KUTLUCAN', 'Gudul', '05827169584', 'lkutlucan@etu372.edu.tr', 31219.02, '2017-05-23', 1, 'Muhasebeci');INSERT INTO app_IDARI_PERSONEL (CalisanID, Ad, Soyad, Adres, Tel, Email, Maas, BaslangicTarihi, DeneyimSuresi, Unvan) VALUES (10, 'MUSTAFA FERHAT', 'KAYA', 'Ayas', '05251634303', 'mkaya@etu372.edu.tr', 12351.80, '2022-09-08', 23, 'Mudur Yardimcisi');INSERT INTO app_IDARI_PERSONEL (CalisanID, Ad, Soyad, Adres, Tel, Email, Maas, BaslangicTarihi, DeneyimSuresi, Unvan) VALUES (11, 'FATIH NAZMI', 'KARAMAN', 'Beypazari', '05364700560', 'fkaraman@etu372.edu.tr', 6193.74, '2005-02-10', 29, 'Muhasebeci');INSERT INTO app_IDARI_PERSONEL (CalisanID, Ad, Soyad, Adres, Tel, Email, Maas, BaslangicTarihi, DeneyimSuresi, Unvan) VALUES (12, 'MEHMET', 'SARACOGLU', 'Sereflikochisar', '05616688210', 'msaracoglu@etu372.edu.tr', 22712.51, '2021-02-11', 18, 'Muhasebeci');INSERT INTO app_IDARI_PERSONEL (CalisanID, Ad, Soyad, Adres, Tel, Email, Maas, BaslangicTarihi, DeneyimSuresi, Unvan) VALUES (13, 'OZGUR', 'YUZBASIOGLU', 'Akyurt', '05787804006', 'oyuzbasioglu@etu372.edu.tr', 14415.09, '2010-12-27', 18, 'Memur');INSERT INTO app_IDARI_PERSONEL (CalisanID, Ad, Soyad, Adres, Tel, Email, Maas, BaslangicTarihi, DeneyimSuresi, Unvan) VALUES (14, 'ILKNUR', 'ORHON', 'Polatli', '05829051726', 'iorhon@etu372.edu.tr', 9877.08, '2007-02-25', 1, 'Muhasebeci');INSERT INTO app_IDARI_PERSONEL (CalisanID, Ad, Soyad, Adres, Tel, Email, Maas, BaslangicTarihi, DeneyimSuresi, Unvan) VALUES (15, 'AHMET ALI', 'CANACANKATAN', 'Gudul', '05406033909', 'acanacankatan@etu372.edu.tr', 13211.08, '2016-03-10', 20, 'Bilisim Sorumlusu');INSERT INTO app_IDARI_PERSONEL (CalisanID, Ad, Soyad, Adres, Tel, Email, Maas, BaslangicTarihi, DeneyimSuresi, Unvan) VALUES (16, 'YUCEL', 'ALTUN', 'Altindag', '05769242619', 'yaltun@etu372.edu.tr', 31196.43, '2000-03-10', 16, 'Sekreter');INSERT INTO app_IDARI_PERSONEL (CalisanID, Ad, Soyad, Adres, Tel, Email, Maas, BaslangicTarihi, DeneyimSuresi, Unvan) VALUES (17, 'TUFAN AKIN', 'DAL', 'Cankaya', '05671006757', 'tdal@etu372.edu.tr', 18414.95, '2008-04-27', 25, 'Sekreter');INSERT INTO app_IDARI_PERSONEL (CalisanID, Ad, Soyad, Adres, Tel, Email, Maas, BaslangicTarihi, DeneyimSuresi, Unvan) VALUES (18, 'ERSAGUN', 'YILDIZ', 'Altindag', '05131808158', 'eyildiz@etu372.edu.tr', 10329.55, '2020-05-28', 5, 'Bilisim Sorumlusu');INSERT INTO app_IDARI_PERSONEL (CalisanID, Ad, Soyad, Adres, Tel, Email, Maas, BaslangicTarihi, DeneyimSuresi, Unvan) VALUES (19, 'HASAN SERKAN', 'ATAY', 'Polatli', '05788193425', 'hatay@etu372.edu.tr', 22123.59, '2016-08-10', 14, 'Sekreter');INSERT INTO app_IDARI_PERSONEL (CalisanID, Ad, Soyad, Adres, Tel, Email, Maas, BaslangicTarihi, DeneyimSuresi, Unvan) VALUES (20, 'OZLEM', 'CALISKANTURK', 'Nallihan', '05657643146', 'ocaliskanturk@etu372.edu.tr', 29378.23, '2022-06-25', 24, 'Mudur Yardimcisi');
INSERT INTO app_TEMIZLIK_GOREVLISI (CalisanID, Ad, Soyad, Adres, Tel, Email, Maas, BaslangicTarihi, DeneyimSuresi, CalismaYeri) VALUES (21, 'BENGU', 'KORKMAZ', 'Altindag', '05945548906', 'bkorkmaz@etu372.edu.tr', 8289.40, '2006-02-21', 6, NULL);INSERT INTO app_TEMIZLIK_GOREVLISI (CalisanID, Ad, Soyad, Adres, Tel, Email, Maas, BaslangicTarihi, DeneyimSuresi, CalismaYeri) VALUES (22, 'JALE', 'TULUBAS', 'Kazan', '05486322497', 'jtulubas@etu372.edu.tr', 22709.87, '2018-08-16', 6, NULL);INSERT INTO app_TEMIZLIK_GOREVLISI (CalisanID, Ad, Soyad, Adres, Tel, Email, Maas, BaslangicTarihi, DeneyimSuresi, CalismaYeri) VALUES (23, 'YILDIZ', 'ORHON', 'Evren', '05968074456', 'yorhon@etu372.edu.tr', 15525.99, '2012-08-18', 30, NULL);INSERT INTO app_TEMIZLIK_GOREVLISI (CalisanID, Ad, Soyad, Adres, Tel, Email, Maas, BaslangicTarihi, DeneyimSuresi, CalismaYeri) VALUES (24, 'TUGSEM', 'CEViK', 'Bala', '05464667796', 'tcevik@etu372.edu.tr', 28757.29, '2016-06-19', 15, NULL);INSERT INTO app_TEMIZLIK_GOREVLISI (CalisanID, Ad, Soyad, Adres, Tel, Email, Maas, BaslangicTarihi, DeneyimSuresi, CalismaYeri) VALUES (25, 'SEMIH', 'KARABAG', 'Bala', '05396496610', 'skarabag@etu372.edu.tr', 18398.93, '2009-05-14', 12, NULL);INSERT INTO app_TEMIZLIK_GOREVLISI (CalisanID, Ad, Soyad, Adres, Tel, Email, Maas, BaslangicTarihi, DeneyimSuresi, CalismaYeri) VALUES (26, 'AYSEGUL', 'YUZBASIOGLU', 'Polatli', '05345834750', 'ayuzbasioglu@etu372.edu.tr', 8136.72, '2018-03-09', 19, NULL);INSERT INTO app_TEMIZLIK_GOREVLISI (CalisanID, Ad, Soyad, Adres, Tel, Email, Maas, BaslangicTarihi, DeneyimSuresi, CalismaYeri) VALUES (27, 'ASLI', 'KUMRAL', 'Evren', '05335268637', 'akumral@etu372.edu.tr', 8743.70, '2003-12-10', 19, NULL);INSERT INTO app_TEMIZLIK_GOREVLISI (CalisanID, Ad, Soyad, Adres, Tel, Email, Maas, BaslangicTarihi, DeneyimSuresi, CalismaYeri) VALUES (28, 'BARIS', 'TUGCUGiL', 'Haymana', '05736744564', 'btugcugil@etu372.edu.tr', 13954.26, '2005-10-21', 19, NULL);INSERT INTO app_TEMIZLIK_GOREVLISI (CalisanID, Ad, Soyad, Adres, Tel, Email, Maas, BaslangicTarihi, DeneyimSuresi, CalismaYeri) VALUES (29, 'TUBA', 'KARAMAN', 'Akyurt', '05529398688', 'tkaraman@etu372.edu.tr', 12369.69, '2015-02-02', 11, NULL);INSERT INTO app_TEMIZLIK_GOREVLISI (CalisanID, Ad, Soyad, Adres, Tel, Email, Maas, BaslangicTarihi, DeneyimSuresi, CalismaYeri) VALUES (30, 'HASAN', 'AKPINAR', 'Gudul', '05985344529', 'hakpinar@etu372.edu.tr', 30714.23, '2007-04-16', 7, NULL);INSERT INTO app_TEMIZLIK_GOREVLISI (CalisanID, Ad, Soyad, Adres, Tel, Email, Maas, BaslangicTarihi, DeneyimSuresi, CalismaYeri) VALUES (31, 'BARIS', 'KULAKSIZ', 'Kizilcahamam', '05327570541', 'bkulaksiz@etu372.edu.tr', 28455.60, '2013-05-07', 27, NULL);INSERT INTO app_TEMIZLIK_GOREVLISI (CalisanID, Ad, Soyad, Adres, Tel, Email, Maas, BaslangicTarihi, DeneyimSuresi, CalismaYeri) VALUES (32, 'TUMAY', 'AKPINAR', 'Mamak', '05410845486', 'takpinar@etu372.edu.tr', 7790.47, '2020-09-03', 10, NULL);INSERT INTO app_TEMIZLIK_GOREVLISI (CalisanID, Ad, Soyad, Adres, Tel, Email, Maas, BaslangicTarihi, DeneyimSuresi, CalismaYeri) VALUES (33, 'FUAT', 'OZTURK', 'Sereflikochisar', '05636506354', 'fozturk@etu372.edu.tr', 24714.33, '2023-11-06', 21, NULL);INSERT INTO app_TEMIZLIK_GOREVLISI (CalisanID, Ad, Soyad, Adres, Tel, Email, Maas, BaslangicTarihi, DeneyimSuresi, CalismaYeri) VALUES (34, 'MEHMET', 'BARBAROS', 'Nallihan', '05983753204', 'mbarbaros@etu372.edu.tr', 26888.19, '2005-12-05', 29, NULL);INSERT INTO app_TEMIZLIK_GOREVLISI (CalisanID, Ad, Soyad, Adres, Tel, Email, Maas, BaslangicTarihi, DeneyimSuresi, CalismaYeri) VALUES (35, 'EVREN', 'SENTURK', 'Kalecik', '05500243437', 'esenturk@etu372.edu.tr', 9398.09, '2009-10-15', 22, NULL);INSERT INTO app_TEMIZLIK_GOREVLISI (CalisanID, Ad, Soyad, Adres, Tel, Email, Maas, BaslangicTarihi, DeneyimSuresi, CalismaYeri) VALUES (36, 'NAGIHAN', 'UYANIK', 'Kalecik', '05692854988', 'nuyanik@etu372.edu.tr', 33046.43, '2002-08-03', 20, NULL);INSERT INTO app_TEMIZLIK_GOREVLISI (CalisanID, Ad, Soyad, Adres, Tel, Email, Maas, BaslangicTarihi, DeneyimSuresi, CalismaYeri) VALUES (37, 'MEHMET', 'KARTAL', 'Kalecik', '05597760163', 'mkartal@etu372.edu.tr', 34855.51, '2003-01-25', 29, NULL);INSERT INTO app_TEMIZLIK_GOREVLISI (CalisanID, Ad, Soyad, Adres, Tel, Email, Maas, BaslangicTarihi, DeneyimSuresi, CalismaYeri) VALUES (38, 'MEDIHA', 'AKOZ', 'Camlidere', '05260681868', 'makoz@etu372.edu.tr', 15595.33, '2022-05-10', 5, NULL);INSERT INTO app_TEMIZLIK_GOREVLISI (CalisanID, Ad, Soyad, Adres, Tel, Email, Maas, BaslangicTarihi, DeneyimSuresi, CalismaYeri) VALUES (39, 'MIRAC', 'OZTURK', 'Bala', '05735923126', 'mozturk@etu372.edu.tr', 17022.16, '2012-06-17', 5, NULL);INSERT INTO app_TEMIZLIK_GOREVLISI (CalisanID, Ad, Soyad, Adres, Tel, Email, Maas, BaslangicTarihi, DeneyimSuresi, CalismaYeri) VALUES (40, 'ZUMRUT ELA', 'YAVUZ', 'Cankaya', '05955913563', 'zyavuz@etu372.edu.tr', 16429.55, '2017-09-09', 20, NULL);
INSERT INTO app_OGRETMEN (CalisanID, Ad, Soyad, Adres, Tel, Email, Maas, BaslangicTarihi, DeneyimSuresi) VALUES (41, 'MEHMET', 'ALTUN', 'Mamak', '05996011027', 'maltun@etu372.edu.tr', 32675.64, '2012-11-20', 25);INSERT INTO app_OGRETMEN (CalisanID, Ad, Soyad, Adres, Tel, Email, Maas, BaslangicTarihi, DeneyimSuresi) VALUES (42, 'HASAN', 'KAPLAN', 'Sereflikochisar', '05231637032', 'hkaplan@etu372.edu.tr', 20028.32, '2000-01-11', 12);INSERT INTO app_OGRETMEN (CalisanID, Ad, Soyad, Adres, Tel, Email, Maas, BaslangicTarihi, DeneyimSuresi) VALUES (43, 'HASIM ONUR', 'YUKSEL', 'Camlidere', '05262767230', 'hyuksel@etu372.edu.tr', 14451.53, '2017-05-17', 18);INSERT INTO app_OGRETMEN (CalisanID, Ad, Soyad, Adres, Tel, Email, Maas, BaslangicTarihi, DeneyimSuresi) VALUES (44, 'OZGUR', 'GUMUSAY', 'Cubuk', '05649013777', 'ogumusay@etu372.edu.tr', 5289.74, '2009-02-03', 15);INSERT INTO app_OGRETMEN (CalisanID, Ad, Soyad, Adres, Tel, Email, Maas, BaslangicTarihi, DeneyimSuresi) VALUES (45, 'ERGUN', 'SELiMAN', 'Mamak', '05764874232', 'eseliman@etu372.edu.tr', 30488.40, '2005-06-08', 23);INSERT INTO app_OGRETMEN (CalisanID, Ad, Soyad, Adres, Tel, Email, Maas, BaslangicTarihi, DeneyimSuresi) VALUES (46, 'DERVIS', 'KARAKUM', 'Kizilcahamam', '05393583798', 'dkarakum@etu372.edu.tr', 19360.58, '2008-04-14', 16);INSERT INTO app_OGRETMEN (CalisanID, Ad, Soyad, Adres, Tel, Email, Maas, BaslangicTarihi, DeneyimSuresi) VALUES (47, 'DILEK', 'KOC', 'Akyurt', '05427602941', 'dkoc@etu372.edu.tr', 25080.46, '2014-05-27', 11);INSERT INTO app_OGRETMEN (CalisanID, Ad, Soyad, Adres, Tel, Email, Maas, BaslangicTarihi, DeneyimSuresi) VALUES (48, 'TARKAN', 'OZTURK', 'Yenimahalle', '05599032744', 'tozturk@etu372.edu.tr', 21409.56, '2007-09-12', 28);INSERT INTO app_OGRETMEN (CalisanID, Ad, Soyad, Adres, Tel, Email, Maas, BaslangicTarihi, DeneyimSuresi) VALUES (49, 'UFUK', 'GULEN', 'Kecioren', '05651960400', 'ugulen@etu372.edu.tr', 5836.01, '2019-01-26', 23);INSERT INTO app_OGRETMEN (CalisanID, Ad, Soyad, Adres, Tel, Email, Maas, BaslangicTarihi, DeneyimSuresi) VALUES (50, 'KUBILAY', 'INAL', 'Mamak', '05356700352', 'kinal@etu372.edu.tr', 28751.15, '2019-12-13', 11);INSERT INTO app_OGRETMEN (CalisanID, Ad, Soyad, Adres, Tel, Email, Maas, BaslangicTarihi, DeneyimSuresi) VALUES (51, 'YASER', 'GULEN', 'Polatli', '05673119101', 'ygulen@etu372.edu.tr', 8780.59, '2023-11-21', 22);INSERT INTO app_OGRETMEN (CalisanID, Ad, Soyad, Adres, Tel, Email, Maas, BaslangicTarihi, DeneyimSuresi) VALUES (52, 'FATIH', 'KUFECiLER', 'Sereflikochisar', '05536650313', 'fkufeciler@etu372.edu.tr', 14401.10, '2008-11-06', 9);INSERT INTO app_OGRETMEN (CalisanID, Ad, Soyad, Adres, Tel, Email, Maas, BaslangicTarihi, DeneyimSuresi) VALUES (53, 'ERGUN', 'CALISKANTURK', 'Kazan', '05905569562', 'ecaliskanturk@etu372.edu.tr', 24123.51, '2017-12-23', 28);INSERT INTO app_OGRETMEN (CalisanID, Ad, Soyad, Adres, Tel, Email, Maas, BaslangicTarihi, DeneyimSuresi) VALUES (54, 'OZCAN', 'TUFEKCi', 'Kecioren', '05734194528', 'otufekci@etu372.edu.tr', 3915.91, '2008-10-20', 9);INSERT INTO app_OGRETMEN (CalisanID, Ad, Soyad, Adres, Tel, Email, Maas, BaslangicTarihi, DeneyimSuresi) VALUES (55, 'SUHEYLA', 'OZCELiK', 'Polatli', '05277407386', 'sozcelik@etu372.edu.tr', 11891.30, '2008-10-15', 23);INSERT INTO app_OGRETMEN (CalisanID, Ad, Soyad, Adres, Tel, Email, Maas, BaslangicTarihi, DeneyimSuresi) VALUES (56, 'ERGUN', 'OZKURT', 'Kazan', '05579264138', 'eozkurt@etu372.edu.tr', 16527.60, '2023-07-10', 29);INSERT INTO app_OGRETMEN (CalisanID, Ad, Soyad, Adres, Tel, Email, Maas, BaslangicTarihi, DeneyimSuresi) VALUES (57, 'AKSEL', 'YAVUZ', 'Cankaya', '05571101596', 'ayavuz@etu372.edu.tr', 17086.35, '2007-09-27', 19);INSERT INTO app_OGRETMEN (CalisanID, Ad, Soyad, Adres, Tel, Email, Maas, BaslangicTarihi, DeneyimSuresi) VALUES (58, 'REYHAN', 'VURAL', 'Sereflikochisar', '05934444586', 'rvural@etu372.edu.tr', 8791.85, '2013-08-23', 24);INSERT INTO app_OGRETMEN (CalisanID, Ad, Soyad, Adres, Tel, Email, Maas, BaslangicTarihi, DeneyimSuresi) VALUES (59, 'KALENDER', 'GULEN', 'Golbasi', '05295149156', 'kgulen@etu372.edu.tr', 9698.57, '2002-02-09', 30);INSERT INTO app_OGRETMEN (CalisanID, Ad, Soyad, Adres, Tel, Email, Maas, BaslangicTarihi, DeneyimSuresi) VALUES (60, 'ZULFIYE', 'CAY', 'Ayas', '05481486473', 'zcay@etu372.edu.tr', 12280.78, '2015-06-02', 24);INSERT INTO app_OGRETMEN (CalisanID, Ad, Soyad, Adres, Tel, Email, Maas, BaslangicTarihi, DeneyimSuresi) VALUES (61, 'OKTAY', 'AKPINAR', 'Kazan', '05474107073', 'oakpinar@etu372.edu.tr', 10569.94, '2023-10-18', 3);INSERT INTO app_OGRETMEN (CalisanID, Ad, Soyad, Adres, Tel, Email, Maas, BaslangicTarihi, DeneyimSuresi) VALUES (62, 'FATIH NAZMI', 'PURCU', 'Altindag', '05724317097', 'fpurcu@etu372.edu.tr', 6814.68, '2021-05-11', 6);INSERT INTO app_OGRETMEN (CalisanID, Ad, Soyad, Adres, Tel, Email, Maas, BaslangicTarihi, DeneyimSuresi) VALUES (63, 'UFUK', 'GULSAN', 'Sincan', '05219600431', 'ugulsan@etu372.edu.tr', 17745.37, '2000-03-05', 3);INSERT INTO app_OGRETMEN (CalisanID, Ad, Soyad, Adres, Tel, Email, Maas, BaslangicTarihi, DeneyimSuresi) VALUES (64, 'SERPIL', 'MEMETOGLU', 'Cankaya', '05487455263', 'smemetoglu@etu372.edu.tr', 16403.66, '2020-02-22', 9);INSERT INTO app_OGRETMEN (CalisanID, Ad, Soyad, Adres, Tel, Email, Maas, BaslangicTarihi, DeneyimSuresi) VALUES (65, 'OLCAY BASAK', 'ERKURAN', 'Etimesgut', '05820158946', 'oerkuran@etu372.edu.tr', 6048.00, '2001-08-17', 4);INSERT INTO app_OGRETMEN (CalisanID, Ad, Soyad, Adres, Tel, Email, Maas, BaslangicTarihi, DeneyimSuresi) VALUES (66, 'FERDI', 'ATAY', 'Evren', '05301471010', 'fatay@etu372.edu.tr', 14320.86, '2022-09-15', 14);INSERT INTO app_OGRETMEN (CalisanID, Ad, Soyad, Adres, Tel, Email, Maas, BaslangicTarihi, DeneyimSuresi) VALUES (67, 'OZDEN', 'YENiGUN', 'Kizilcahamam', '05593958108', 'oyenigun@etu372.edu.tr', 15030.20, '2017-04-11', 24);INSERT INTO app_OGRETMEN (CalisanID, Ad, Soyad, Adres, Tel, Email, Maas, BaslangicTarihi, DeneyimSuresi) VALUES (68, 'MESUT', 'TUGCUGiL', 'Yenimahalle', '05181425262', 'mtugcugil@etu372.edu.tr', 11942.87, '2019-03-18', 16);INSERT INTO app_OGRETMEN (CalisanID, Ad, Soyad, Adres, Tel, Email, Maas, BaslangicTarihi, DeneyimSuresi) VALUES (69, 'SERDAR', 'KiRECCi', 'Beypazari', '05349119181', 'skirecci@etu372.edu.tr', 34391.03, '2013-04-06', 9);INSERT INTO app_OGRETMEN (CalisanID, Ad, Soyad, Adres, Tel, Email, Maas, BaslangicTarihi, DeneyimSuresi) VALUES (70, 'ENGIN', 'TUTEN', 'Yenimahalle', '05978210743', 'etuten@etu372.edu.tr', 14325.24, '2014-08-05', 25);INSERT INTO app_OGRETMEN (CalisanID, Ad, Soyad, Adres, Tel, Email, Maas, BaslangicTarihi, DeneyimSuresi) VALUES (71, 'TUFAN AKIN', 'ONUK', 'Cankaya', '05932990883', 'tonuk@etu372.edu.tr', 7256.13, '2005-03-27', 12);INSERT INTO app_OGRETMEN (CalisanID, Ad, Soyad, Adres, Tel, Email, Maas, BaslangicTarihi, DeneyimSuresi) VALUES (72, 'JALE', 'OZCELiK', 'Kecioren', '05195652608', 'jozcelik@etu372.edu.tr', 18916.52, '2016-06-24', 27);INSERT INTO app_OGRETMEN (CalisanID, Ad, Soyad, Adres, Tel, Email, Maas, BaslangicTarihi, DeneyimSuresi) VALUES (73, 'MURAT', 'ERKURAN', 'Kizilcahamam', '05536982043', 'merkuran@etu372.edu.tr', 19809.44, '2018-05-27', 22);INSERT INTO app_OGRETMEN (CalisanID, Ad, Soyad, Adres, Tel, Email, Maas, BaslangicTarihi, DeneyimSuresi) VALUES (74, 'NEBI', 'KAYAYURT', 'Altindag', '05639152276', 'nkayayurt@etu372.edu.tr', 9156.26, '2017-10-14', 8);INSERT INTO app_OGRETMEN (CalisanID, Ad, Soyad, Adres, Tel, Email, Maas, BaslangicTarihi, DeneyimSuresi) VALUES (75, 'MEHMET', 'YUKSEL', 'Akyurt', '05177130917', 'myuksel@etu372.edu.tr', 29297.28, '2007-07-09', 29);INSERT INTO app_OGRETMEN (CalisanID, Ad, Soyad, Adres, Tel, Email, Maas, BaslangicTarihi, DeneyimSuresi) VALUES (76, 'TUBA', 'KULAC', 'Cankaya', '05660080547', 'tkulac@etu372.edu.tr', 27636.27, '2006-06-17', 15);INSERT INTO app_OGRETMEN (CalisanID, Ad, Soyad, Adres, Tel, Email, Maas, BaslangicTarihi, DeneyimSuresi) VALUES (77, 'TUBA HANIM', 'OZER', 'Golbasi', '05818252348', 'tozer@etu372.edu.tr', 20222.89, '2010-11-02', 15);INSERT INTO app_OGRETMEN (CalisanID, Ad, Soyad, Adres, Tel, Email, Maas, BaslangicTarihi, DeneyimSuresi) VALUES (78, 'KURSAT', 'BALABAN', 'Kalecik', '05819609559', 'kbalaban@etu372.edu.tr', 3592.86, '2013-02-04', 7);INSERT INTO app_OGRETMEN (CalisanID, Ad, Soyad, Adres, Tel, Email, Maas, BaslangicTarihi, DeneyimSuresi) VALUES (79, 'FULYA', 'YILDIRIM', 'Mamak', '05680633048', 'fyildirim@etu372.edu.tr', 3770.46, '2002-01-05', 7);INSERT INTO app_OGRETMEN (CalisanID, Ad, Soyad, Adres, Tel, Email, Maas, BaslangicTarihi, DeneyimSuresi) VALUES (80, 'SEDA', 'CENGiZ', 'Kecioren', '05102148000', 'scengiz@etu372.edu.tr', 28401.26, '2023-05-15', 22);
INSERT INTO app_FULL_TIME_OGRETMEN (CalisanID) VALUES (61);INSERT INTO app_FULL_TIME_OGRETMEN (CalisanID) VALUES (62);INSERT INTO app_FULL_TIME_OGRETMEN (CalisanID) VALUES (63);INSERT INTO app_FULL_TIME_OGRETMEN (CalisanID) VALUES (64);INSERT INTO app_FULL_TIME_OGRETMEN (CalisanID) VALUES (65);INSERT INTO app_FULL_TIME_OGRETMEN (CalisanID) VALUES (66);INSERT INTO app_FULL_TIME_OGRETMEN (CalisanID) VALUES (67);INSERT INTO app_FULL_TIME_OGRETMEN (CalisanID) VALUES (68);INSERT INTO app_FULL_TIME_OGRETMEN (CalisanID) VALUES (69);INSERT INTO app_FULL_TIME_OGRETMEN (CalisanID) VALUES (70);INSERT INTO app_FULL_TIME_OGRETMEN (CalisanID) VALUES (71);INSERT INTO app_FULL_TIME_OGRETMEN (CalisanID) VALUES (72);INSERT INTO app_FULL_TIME_OGRETMEN (CalisanID) VALUES (73);INSERT INTO app_FULL_TIME_OGRETMEN (CalisanID) VALUES (74);INSERT INTO app_FULL_TIME_OGRETMEN (CalisanID) VALUES (75);INSERT INTO app_FULL_TIME_OGRETMEN (CalisanID) VALUES (76);INSERT INTO app_FULL_TIME_OGRETMEN (CalisanID) VALUES (77);INSERT INTO app_FULL_TIME_OGRETMEN (CalisanID) VALUES (78);INSERT INTO app_FULL_TIME_OGRETMEN (CalisanID) VALUES (79);INSERT INTO app_FULL_TIME_OGRETMEN (CalisanID) VALUES (80);
INSERT INTO app_PART_TIME_OGRETMEN (CalisanID) VALUES (41);INSERT INTO app_PART_TIME_OGRETMEN (CalisanID) VALUES (42);INSERT INTO app_PART_TIME_OGRETMEN (CalisanID) VALUES (43);INSERT INTO app_PART_TIME_OGRETMEN (CalisanID) VALUES (44);INSERT INTO app_PART_TIME_OGRETMEN (CalisanID) VALUES (45);INSERT INTO app_PART_TIME_OGRETMEN (CalisanID) VALUES (46);INSERT INTO app_PART_TIME_OGRETMEN (CalisanID) VALUES (47);INSERT INTO app_PART_TIME_OGRETMEN (CalisanID) VALUES (48);INSERT INTO app_PART_TIME_OGRETMEN (CalisanID) VALUES (49);INSERT INTO app_PART_TIME_OGRETMEN (CalisanID) VALUES (50);INSERT INTO app_PART_TIME_OGRETMEN (CalisanID) VALUES (51);INSERT INTO app_PART_TIME_OGRETMEN (CalisanID) VALUES (52);INSERT INTO app_PART_TIME_OGRETMEN (CalisanID) VALUES (53);INSERT INTO app_PART_TIME_OGRETMEN (CalisanID) VALUES (54);INSERT INTO app_PART_TIME_OGRETMEN (CalisanID) VALUES (55);INSERT INTO app_PART_TIME_OGRETMEN (CalisanID) VALUES (56);INSERT INTO app_PART_TIME_OGRETMEN (CalisanID) VALUES (57);INSERT INTO app_PART_TIME_OGRETMEN (CalisanID) VALUES (58);INSERT INTO app_PART_TIME_OGRETMEN (CalisanID) VALUES (59);INSERT INTO app_PART_TIME_OGRETMEN (CalisanID) VALUES (60);

INSERT INTO app_PART_TIME_OGRETMEN_MESGULIYET (PartTimeOgretmenMesguliyetID, CalisanID, SaatGunID, Sebep) VALUES (1, 41, 4, 'Konferans');INSERT INTO app_PART_TIME_OGRETMEN_MESGULIYET (PartTimeOgretmenMesguliyetID, CalisanID, SaatGunID, Sebep) VALUES (2, 42, 6, 'Egitim');INSERT INTO app_PART_TIME_OGRETMEN_MESGULIYET (PartTimeOgretmenMesguliyetID, CalisanID, SaatGunID, Sebep) VALUES (3, 43, 27, 'Konferans');INSERT INTO app_PART_TIME_OGRETMEN_MESGULIYET (PartTimeOgretmenMesguliyetID, CalisanID, SaatGunID, Sebep) VALUES (4, 44, 3, 'Izinli');INSERT INTO app_PART_TIME_OGRETMEN_MESGULIYET (PartTimeOgretmenMesguliyetID, CalisanID, SaatGunID, Sebep) VALUES (5, 45, 21, 'Izinli');INSERT INTO app_PART_TIME_OGRETMEN_MESGULIYET (PartTimeOgretmenMesguliyetID, CalisanID, SaatGunID, Sebep) VALUES (6, 46, 9, 'Egitim');INSERT INTO app_PART_TIME_OGRETMEN_MESGULIYET (PartTimeOgretmenMesguliyetID, CalisanID, SaatGunID, Sebep) VALUES (7, 47, 25, 'Egitim');INSERT INTO app_PART_TIME_OGRETMEN_MESGULIYET (PartTimeOgretmenMesguliyetID, CalisanID, SaatGunID, Sebep) VALUES (8, 48, 29, 'Egitim');INSERT INTO app_PART_TIME_OGRETMEN_MESGULIYET (PartTimeOgretmenMesguliyetID, CalisanID, SaatGunID, Sebep) VALUES (9, 49, 12, 'Izinli');INSERT INTO app_PART_TIME_OGRETMEN_MESGULIYET (PartTimeOgretmenMesguliyetID, CalisanID, SaatGunID, Sebep) VALUES (10, 50, 3, 'Hastalik');INSERT INTO app_PART_TIME_OGRETMEN_MESGULIYET (PartTimeOgretmenMesguliyetID, CalisanID, SaatGunID, Sebep) VALUES (11, 51, 32, 'Seminer');INSERT INTO app_PART_TIME_OGRETMEN_MESGULIYET (PartTimeOgretmenMesguliyetID, CalisanID, SaatGunID, Sebep) VALUES (12, 52, 52, 'Toplanti');INSERT INTO app_PART_TIME_OGRETMEN_MESGULIYET (PartTimeOgretmenMesguliyetID, CalisanID, SaatGunID, Sebep) VALUES (13, 53, 42, 'Konferans');INSERT INTO app_PART_TIME_OGRETMEN_MESGULIYET (PartTimeOgretmenMesguliyetID, CalisanID, SaatGunID, Sebep) VALUES (14, 54, 15, 'Toplanti');INSERT INTO app_PART_TIME_OGRETMEN_MESGULIYET (PartTimeOgretmenMesguliyetID, CalisanID, SaatGunID, Sebep) VALUES (15, 55, 12, 'Hastalik');INSERT INTO app_PART_TIME_OGRETMEN_MESGULIYET (PartTimeOgretmenMesguliyetID, CalisanID, SaatGunID, Sebep) VALUES (16, 56, 9, 'Hastalik');INSERT INTO app_PART_TIME_OGRETMEN_MESGULIYET (PartTimeOgretmenMesguliyetID, CalisanID, SaatGunID, Sebep) VALUES (17, 57, 41, 'Egitim');INSERT INTO app_PART_TIME_OGRETMEN_MESGULIYET (PartTimeOgretmenMesguliyetID, CalisanID, SaatGunID, Sebep) VALUES (18, 58, 39, 'Konferans');INSERT INTO app_PART_TIME_OGRETMEN_MESGULIYET (PartTimeOgretmenMesguliyetID, CalisanID, SaatGunID, Sebep) VALUES (19, 59, 37, 'Egitim');INSERT INTO app_PART_TIME_OGRETMEN_MESGULIYET (PartTimeOgretmenMesguliyetID, CalisanID, SaatGunID, Sebep) VALUES (20, 60, 37, 'Konferans');
INSERT INTO app_AKTIF_OGRENCI (OgrenciID, Ad, Soyad, Numara, Tel, Email, Adres, GPA) VALUES (1, 'EBRU', 'GULSAN', '201301473', '05244500216', 'egulsan@etu372.edu.tr', 'Nallihan', 3.742029628233496);INSERT INTO app_AKTIF_OGRENCI (OgrenciID, Ad, Soyad, Numara, Tel, Email, Adres, GPA) VALUES (2, 'EREN', 'YAVUZ', '201852665', '05887119684', 'eyavuz@etu372.edu.tr', 'Beypazari', 2.8154964100557054);INSERT INTO app_AKTIF_OGRENCI (OgrenciID, Ad, Soyad, Numara, Tel, Email, Adres, GPA) VALUES (3, 'OLCAY BASAK', 'SENTURK', '201600032', '05327787675', 'osenturk@etu372.edu.tr', 'Polatli', 2.0047015353341586);INSERT INTO app_AKTIF_OGRENCI (OgrenciID, Ad, Soyad, Numara, Tel, Email, Adres, GPA) VALUES (4, 'SEVGI', 'SURUM', '201435433', '05893954454', 'ssurum@etu372.edu.tr', 'Beypazari', 2.552966350796748);INSERT INTO app_AKTIF_OGRENCI (OgrenciID, Ad, Soyad, Numara, Tel, Email, Adres, GPA) VALUES (5, 'MUSTAFA', 'OZER', '201525490', '05794771990', 'mozer@etu372.edu.tr', 'Camlidere', 2.8799871517608144);INSERT INTO app_AKTIF_OGRENCI (OgrenciID, Ad, Soyad, Numara, Tel, Email, Adres, GPA) VALUES (6, 'YAVUZ', 'AKINCI', '201859326', '05241906881', 'yakinci@etu372.edu.tr', 'Cubuk', 3.452082728286374);INSERT INTO app_AKTIF_OGRENCI (OgrenciID, Ad, Soyad, Numara, Tel, Email, Adres, GPA) VALUES (7, 'FULYA', 'KAYA', '201417963', '05122139708', 'fkaya@etu372.edu.tr', 'Akyurt', 2.1551495835176153);INSERT INTO app_AKTIF_OGRENCI (OgrenciID, Ad, Soyad, Numara, Tel, Email, Adres, GPA) VALUES (8, 'YUCEL', 'BiLGiC', '201723255', '05794144418', 'ybilgic@etu372.edu.tr', 'Cubuk', 2.3252691598193347);INSERT INTO app_AKTIF_OGRENCI (OgrenciID, Ad, Soyad, Numara, Tel, Email, Adres, GPA) VALUES (9, 'PINAR', 'KAPLAN', '201554489', '05432157907', 'pkaplan@etu372.edu.tr', 'Mamak', 3.7997559789479656);INSERT INTO app_AKTIF_OGRENCI (OgrenciID, Ad, Soyad, Numara, Tel, Email, Adres, GPA) VALUES (10, 'ZEYNEP', 'KUFECiLER', '201971374', '05209169927', 'zkufeciler@etu372.edu.tr', 'Yenimahalle', 2.829401084367688);INSERT INTO app_AKTIF_OGRENCI (OgrenciID, Ad, Soyad, Numara, Tel, Email, Adres, GPA) VALUES (11, 'ZUMRUT ELA', 'COMERT', '201413271', '05984600705', 'zcomert@etu372.edu.tr', 'Sereflikochisar', 2.254916825526645);INSERT INTO app_AKTIF_OGRENCI (OgrenciID, Ad, Soyad, Numara, Tel, Email, Adres, GPA) VALUES (12, 'NURAY', 'AKOZ', '201477660', '05186259180', 'nakoz@etu372.edu.tr', 'Golbasi', 3.9950626842066352);INSERT INTO app_AKTIF_OGRENCI (OgrenciID, Ad, Soyad, Numara, Tel, Email, Adres, GPA) VALUES (13, 'MUAMMER HAYRI', 'CEViK', '201339421', '05176068811', 'mcevik@etu372.edu.tr', 'Golbasi', 2.2272179021187153);INSERT INTO app_AKTIF_OGRENCI (OgrenciID, Ad, Soyad, Numara, Tel, Email, Adres, GPA) VALUES (14, 'ONAT', 'SURUM', '201130313', '05257865210', 'osurum@etu372.edu.tr', 'Kalecik', 3.565631007629693);INSERT INTO app_AKTIF_OGRENCI (OgrenciID, Ad, Soyad, Numara, Tel, Email, Adres, GPA) VALUES (15, 'DILEK', 'ERDEN', '201909960', '05542052147', 'derden@etu372.edu.tr', 'Beypazari', 2.7750733295818173);INSERT INTO app_AKTIF_OGRENCI (OgrenciID, Ad, Soyad, Numara, Tel, Email, Adres, GPA) VALUES (16, 'OZCAN', 'BEDER', '201565374', '05510346672', 'obeder@etu372.edu.tr', 'Akyurt', 3.6096299571079227);INSERT INTO app_AKTIF_OGRENCI (OgrenciID, Ad, Soyad, Numara, Tel, Email, Adres, GPA) VALUES (17, 'YILMAZ', 'OZKURT', '201232932', '05938573701', 'yozkurt@etu372.edu.tr', 'Golbasi', 2.9099344822640507);INSERT INTO app_AKTIF_OGRENCI (OgrenciID, Ad, Soyad, Numara, Tel, Email, Adres, GPA) VALUES (18, 'ONAT', 'DEGiRMENCi', '201231970', '05667609767', 'odegirmenci@etu372.edu.tr', 'Cubuk', 2.8543651702730686);INSERT INTO app_AKTIF_OGRENCI (OgrenciID, Ad, Soyad, Numara, Tel, Email, Adres, GPA) VALUES (19, 'ISMAIL', 'TUFEKCi', '201122383', '05471892786', 'itufekci@etu372.edu.tr', 'Kalecik', 2.930637332209434);INSERT INTO app_AKTIF_OGRENCI (OgrenciID, Ad, Soyad, Numara, Tel, Email, Adres, GPA) VALUES (20, 'METIN', 'BEDER', '201898727', '05529869036', 'mbeder@etu372.edu.tr', 'Evren', 3.427574716935162);
INSERT INTO app_MEZUN_OGRENCI (OgrenciID, Ad, Soyad, Numara, Tel, Email, Adres, MezuniyetGPA, MezuniyetTarihi) VALUES (501, 'ALI HALUK', 'BADILLIOGLU', '201725402', '05511820197', 'abadillioglu@etu372.edu.tr', 'Kazan', 3.3965549427703365, '2007-06-14');INSERT INTO app_MEZUN_OGRENCI (OgrenciID, Ad, Soyad, Numara, Tel, Email, Adres, MezuniyetGPA, MezuniyetTarihi) VALUES (502, 'MUSTAFA', 'KULAKSIZ', '201885013', '05805076962', 'mkulaksiz@etu372.edu.tr', 'Sereflikochisar', 3.323291240570316, '2011-01-14');INSERT INTO app_MEZUN_OGRENCI (OgrenciID, Ad, Soyad, Numara, Tel, Email, Adres, MezuniyetGPA, MezuniyetTarihi) VALUES (503, 'EBRU', 'YiGiT', '201575810', '05182462412', 'eyigit@etu372.edu.tr', 'Cubuk', 2.5351057224582023, '2021-04-18');INSERT INTO app_MEZUN_OGRENCI (OgrenciID, Ad, Soyad, Numara, Tel, Email, Adres, MezuniyetGPA, MezuniyetTarihi) VALUES (504, 'EYYUP SABRI', 'KOC', '201696337', '05756782185', 'ekoc@etu372.edu.tr', 'Beypazari', 2.9721573253371787, '2007-04-22');INSERT INTO app_MEZUN_OGRENCI (OgrenciID, Ad, Soyad, Numara, Tel, Email, Adres, MezuniyetGPA, MezuniyetTarihi) VALUES (505, 'BAHRI', 'ASLAN', '201886145', '05757670761', 'baslan@etu372.edu.tr', 'Haymana', 2.494096589362166, '2008-05-28');INSERT INTO app_MEZUN_OGRENCI (OgrenciID, Ad, Soyad, Numara, Tel, Email, Adres, MezuniyetGPA, MezuniyetTarihi) VALUES (506, 'HASIM ONUR', 'OCAL', '201629373', '05683113543', 'hocal@etu372.edu.tr', 'Cankaya', 2.2582865809780426, '2014-01-06');INSERT INTO app_MEZUN_OGRENCI (OgrenciID, Ad, Soyad, Numara, Tel, Email, Adres, MezuniyetGPA, MezuniyetTarihi) VALUES (507, 'ISMAIL', 'BARBAROS', '201928675', '05531796195', 'ibarbaros@etu372.edu.tr', 'Golbasi', 3.178476585345987, '2000-04-17');INSERT INTO app_MEZUN_OGRENCI (OgrenciID, Ad, Soyad, Numara, Tel, Email, Adres, MezuniyetGPA, MezuniyetTarihi) VALUES (508, 'SEDA', 'MURT', '201533128', '05697060797', 'smurt@etu372.edu.tr', 'Kazan', 2.0091977534862115, '2022-11-25');INSERT INTO app_MEZUN_OGRENCI (OgrenciID, Ad, Soyad, Numara, Tel, Email, Adres, MezuniyetGPA, MezuniyetTarihi) VALUES (509, 'HASAN', 'AKKUCUK', '201733382', '05965260582', 'hakkucuk@etu372.edu.tr', 'Evren', 3.347329721555931, '2022-02-04');INSERT INTO app_MEZUN_OGRENCI (OgrenciID, Ad, Soyad, Numara, Tel, Email, Adres, MezuniyetGPA, MezuniyetTarihi) VALUES (510, 'HARUN', 'KILIC', '201999283', '05133795365', 'hkilic@etu372.edu.tr', 'Yenimahalle', 2.7007732188563827, '2008-12-09');INSERT INTO app_MEZUN_OGRENCI (OgrenciID, Ad, Soyad, Numara, Tel, Email, Adres, MezuniyetGPA, MezuniyetTarihi) VALUES (511, 'ISMAIL', 'ADANIR', '201196973', '05923643519', 'iadanir@etu372.edu.tr', 'Etimesgut', 3.626376089153638, '2005-05-02');INSERT INTO app_MEZUN_OGRENCI (OgrenciID, Ad, Soyad, Numara, Tel, Email, Adres, MezuniyetGPA, MezuniyetTarihi) VALUES (512, 'AYSUN', 'ONER', '201977077', '05243015227', 'aoner@etu372.edu.tr', 'Elmadag', 2.8072461107911693, '2015-11-18');INSERT INTO app_MEZUN_OGRENCI (OgrenciID, Ad, Soyad, Numara, Tel, Email, Adres, MezuniyetGPA, MezuniyetTarihi) VALUES (513, 'GULDEHEN', 'GULEN', '201352710', '05121335274', 'ggulen@etu372.edu.tr', 'Cubuk', 3.0733253479733156, '2012-08-05');INSERT INTO app_MEZUN_OGRENCI (OgrenciID, Ad, Soyad, Numara, Tel, Email, Adres, MezuniyetGPA, MezuniyetTarihi) VALUES (514, 'TUBA HANIM', 'SEYHANLI', '201354739', '05375101306', 'tseyhanli@etu372.edu.tr', 'Ayas', 3.783344143459342, '2017-09-26');INSERT INTO app_MEZUN_OGRENCI (OgrenciID, Ad, Soyad, Numara, Tel, Email, Adres, MezuniyetGPA, MezuniyetTarihi) VALUES (515, 'ENGIN', 'ERDEN', '201527777', '05901256340', 'eerden@etu372.edu.tr', 'Elmadag', 3.385773913918435, '2020-04-21');INSERT INTO app_MEZUN_OGRENCI (OgrenciID, Ad, Soyad, Numara, Tel, Email, Adres, MezuniyetGPA, MezuniyetTarihi) VALUES (516, 'BIRSEN', 'ABACIOGLU', '201533809', '05753349696', 'babacioglu@etu372.edu.tr', 'Sereflikochisar', 2.725825148867969, '2020-05-21');INSERT INTO app_MEZUN_OGRENCI (OgrenciID, Ad, Soyad, Numara, Tel, Email, Adres, MezuniyetGPA, MezuniyetTarihi) VALUES (517, 'MURAT', 'COMERT', '201994126', '05195290531', 'mcomert@etu372.edu.tr', 'Mamak', 3.9344427156810706, '2009-03-04');INSERT INTO app_MEZUN_OGRENCI (OgrenciID, Ad, Soyad, Numara, Tel, Email, Adres, MezuniyetGPA, MezuniyetTarihi) VALUES (518, 'ERSAGUN', 'AKKUCUK', '201330027', '05190016925', 'eakkucuk@etu372.edu.tr', 'Sereflikochisar', 2.3076331335229474, '2002-09-10');INSERT INTO app_MEZUN_OGRENCI (OgrenciID, Ad, Soyad, Numara, Tel, Email, Adres, MezuniyetGPA, MezuniyetTarihi) VALUES (519, 'TARKAN', 'YENiDOGAN', '201815335', '05996857814', 'tyenidogan@etu372.edu.tr', 'Beypazari', 2.89880828135899, '2021-05-01');INSERT INTO app_MEZUN_OGRENCI (OgrenciID, Ad, Soyad, Numara, Tel, Email, Adres, MezuniyetGPA, MezuniyetTarihi) VALUES (520, 'TARKAN', 'ATAY', '201928313', '05234676459', 'tatay@etu372.edu.tr', 'Cankaya', 3.4132599979918012, '2021-10-14');
INSERT INTO app_VELI (VeliID, OgrenciID, VeliAdi, VeliSoyadi, VeliTel, VeliEmail) VALUES (1, 1, 'BURCU', 'GULSAN', '05114421302', 'bgulsan@etu372.edu.tr');INSERT INTO app_VELI (VeliID, OgrenciID, VeliAdi, VeliSoyadi, VeliTel, VeliEmail) VALUES (2, 2, 'ALI', 'YAVUZ', '05691915702', 'ayavuz@etu372.edu.tr');INSERT INTO app_VELI (VeliID, OgrenciID, VeliAdi, VeliSoyadi, VeliTel, VeliEmail) VALUES (3, 3, 'SEVGI', 'SENTURK', '05147420233', 'ssenturk@etu372.edu.tr');INSERT INTO app_VELI (VeliID, OgrenciID, VeliAdi, VeliSoyadi, VeliTel, VeliEmail) VALUES (4, 4, 'ISMAIL', 'SURUM', '05515797858', 'isurum@etu372.edu.tr');INSERT INTO app_VELI (VeliID, OgrenciID, VeliAdi, VeliSoyadi, VeliTel, VeliEmail) VALUES (5, 5, 'OZLEM', 'OZER', '05586350866', 'oozer@etu372.edu.tr');INSERT INTO app_VELI (VeliID, OgrenciID, VeliAdi, VeliSoyadi, VeliTel, VeliEmail) VALUES (6, 6, 'DILBER', 'AKINCI', '05937399552', 'dakinci@etu372.edu.tr');INSERT INTO app_VELI (VeliID, OgrenciID, VeliAdi, VeliSoyadi, VeliTel, VeliEmail) VALUES (7, 7, 'GAMZE', 'KAYA', '05895690377', 'gkaya@etu372.edu.tr');INSERT INTO app_VELI (VeliID, OgrenciID, VeliAdi, VeliSoyadi, VeliTel, VeliEmail) VALUES (8, 8, 'SERDAR', 'BiLGiC', '05965579405', 'sbilgic@etu372.edu.tr');INSERT INTO app_VELI (VeliID, OgrenciID, VeliAdi, VeliSoyadi, VeliTel, VeliEmail) VALUES (9, 9, 'BATURAY KANSU', 'KAPLAN', '05511262528', 'bkaplan@etu372.edu.tr');INSERT INTO app_VELI (VeliID, OgrenciID, VeliAdi, VeliSoyadi, VeliTel, VeliEmail) VALUES (10, 10, 'TUBA HANIM', 'KUFECiLER', '05492936853', 'tkufeciler@etu372.edu.tr');INSERT INTO app_VELI (VeliID, OgrenciID, VeliAdi, VeliSoyadi, VeliTel, VeliEmail) VALUES (11, 11, 'ELIF', 'COMERT', '05302195969', 'ecomert@etu372.edu.tr');INSERT INTO app_VELI (VeliID, OgrenciID, VeliAdi, VeliSoyadi, VeliTel, VeliEmail) VALUES (12, 12, 'SERDAR', 'AKOZ', '05745638266', 'sakoz@etu372.edu.tr');INSERT INTO app_VELI (VeliID, OgrenciID, VeliAdi, VeliSoyadi, VeliTel, VeliEmail) VALUES (13, 13, 'ONAT', 'CEViK', '05238682715', 'ocevik@etu372.edu.tr');INSERT INTO app_VELI (VeliID, OgrenciID, VeliAdi, VeliSoyadi, VeliTel, VeliEmail) VALUES (14, 14, 'TESLIME NAZLI', 'SURUM', '05747223398', 'tsurum@etu372.edu.tr');INSERT INTO app_VELI (VeliID, OgrenciID, VeliAdi, VeliSoyadi, VeliTel, VeliEmail) VALUES (15, 15, 'SENEM', 'ERDEN', '05573675666', 'serden@etu372.edu.tr');INSERT INTO app_VELI (VeliID, OgrenciID, VeliAdi, VeliSoyadi, VeliTel, VeliEmail) VALUES (16, 16, 'TUBA', 'BEDER', '05451120315', 'tbeder@etu372.edu.tr');INSERT INTO app_VELI (VeliID, OgrenciID, VeliAdi, VeliSoyadi, VeliTel, VeliEmail) VALUES (17, 17, 'ILKAY', 'OZKURT', '05132263431', 'iozkurt@etu372.edu.tr');INSERT INTO app_VELI (VeliID, OgrenciID, VeliAdi, VeliSoyadi, VeliTel, VeliEmail) VALUES (18, 18, 'SENEM', 'DEGiRMENCi', '05408503303', 'sdegirmenci@etu372.edu.tr');INSERT INTO app_VELI (VeliID, OgrenciID, VeliAdi, VeliSoyadi, VeliTel, VeliEmail) VALUES (19, 19, 'ZULFIYE', 'TUFEKCi', '05884366634', 'ztufekci@etu372.edu.tr');INSERT INTO app_VELI (VeliID, OgrenciID, VeliAdi, VeliSoyadi, VeliTel, VeliEmail) VALUES (20, 20, 'DILBER', 'BEDER', '05886243953', 'dbeder@etu372.edu.tr');
INSERT INTO app_AKTIF_OGRENCI_MESGULIYET (AktifOgrenciMesguliyetID, OgrenciID, SaatGunID, Sebep) VALUES (1, 1, 54, 'Hastalik');INSERT INTO app_AKTIF_OGRENCI_MESGULIYET (AktifOgrenciMesguliyetID, OgrenciID, SaatGunID, Sebep) VALUES (2, 2, 20, 'Seminer');INSERT INTO app_AKTIF_OGRENCI_MESGULIYET (AktifOgrenciMesguliyetID, OgrenciID, SaatGunID, Sebep) VALUES (3, 3, 54, 'Konferans');INSERT INTO app_AKTIF_OGRENCI_MESGULIYET (AktifOgrenciMesguliyetID, OgrenciID, SaatGunID, Sebep) VALUES (4, 4, 21, 'Toplanti');INSERT INTO app_AKTIF_OGRENCI_MESGULIYET (AktifOgrenciMesguliyetID, OgrenciID, SaatGunID, Sebep) VALUES (5, 5, 45, 'Seminer');INSERT INTO app_AKTIF_OGRENCI_MESGULIYET (AktifOgrenciMesguliyetID, OgrenciID, SaatGunID, Sebep) VALUES (6, 6, 23, 'Konferans');INSERT INTO app_AKTIF_OGRENCI_MESGULIYET (AktifOgrenciMesguliyetID, OgrenciID, SaatGunID, Sebep) VALUES (7, 7, 28, 'Hastalik');INSERT INTO app_AKTIF_OGRENCI_MESGULIYET (AktifOgrenciMesguliyetID, OgrenciID, SaatGunID, Sebep) VALUES (8, 8, 13, 'Konferans');INSERT INTO app_AKTIF_OGRENCI_MESGULIYET (AktifOgrenciMesguliyetID, OgrenciID, SaatGunID, Sebep) VALUES (9, 9, 9, 'Hastalik');INSERT INTO app_AKTIF_OGRENCI_MESGULIYET (AktifOgrenciMesguliyetID, OgrenciID, SaatGunID, Sebep) VALUES (10, 10, 42, 'Konferans');INSERT INTO app_AKTIF_OGRENCI_MESGULIYET (AktifOgrenciMesguliyetID, OgrenciID, SaatGunID, Sebep) VALUES (11, 11, 49, 'Seminer');INSERT INTO app_AKTIF_OGRENCI_MESGULIYET (AktifOgrenciMesguliyetID, OgrenciID, SaatGunID, Sebep) VALUES (12, 12, 41, 'Konferans');INSERT INTO app_AKTIF_OGRENCI_MESGULIYET (AktifOgrenciMesguliyetID, OgrenciID, SaatGunID, Sebep) VALUES (13, 13, 22, 'Seminer');INSERT INTO app_AKTIF_OGRENCI_MESGULIYET (AktifOgrenciMesguliyetID, OgrenciID, SaatGunID, Sebep) VALUES (14, 14, 14, 'Toplanti');INSERT INTO app_AKTIF_OGRENCI_MESGULIYET (AktifOgrenciMesguliyetID, OgrenciID, SaatGunID, Sebep) VALUES (15, 15, 34, 'Egitim');INSERT INTO app_AKTIF_OGRENCI_MESGULIYET (AktifOgrenciMesguliyetID, OgrenciID, SaatGunID, Sebep) VALUES (16, 16, 24, 'Seminer');INSERT INTO app_AKTIF_OGRENCI_MESGULIYET (AktifOgrenciMesguliyetID, OgrenciID, SaatGunID, Sebep) VALUES (17, 17, 15, 'Hastalik');INSERT INTO app_AKTIF_OGRENCI_MESGULIYET (AktifOgrenciMesguliyetID, OgrenciID, SaatGunID, Sebep) VALUES (18, 18, 13, 'Seminer');INSERT INTO app_AKTIF_OGRENCI_MESGULIYET (AktifOgrenciMesguliyetID, OgrenciID, SaatGunID, Sebep) VALUES (19, 19, 11, 'Seminer');INSERT INTO app_AKTIF_OGRENCI_MESGULIYET (AktifOgrenciMesguliyetID, OgrenciID, SaatGunID, Sebep) VALUES (20, 20, 14, 'Toplanti');
INSERT INTO app_DERS (DersID, DersAdi, DersKodu, CalisanID) VALUES (1, 'Turkce', 'D122', 41);INSERT INTO app_DERS (DersID, DersAdi, DersKodu, CalisanID) VALUES (2, 'Fizik', 'D376', 42);INSERT INTO app_DERS (DersID, DersAdi, DersKodu, CalisanID) VALUES (3, 'Matematik', 'D174', 43);INSERT INTO app_DERS (DersID, DersAdi, DersKodu, CalisanID) VALUES (4, 'Web Tasarim', 'D395', 44);INSERT INTO app_DERS (DersID, DersAdi, DersKodu, CalisanID) VALUES (5, 'Robotik Programlama', 'D715', 45);INSERT INTO app_DERS (DersID, DersAdi, DersKodu, CalisanID) VALUES (6, 'Almanca', 'D949', 46);INSERT INTO app_DERS (DersID, DersAdi, DersKodu, CalisanID) VALUES (7, 'Fizik', 'D236', 47);INSERT INTO app_DERS (DersID, DersAdi, DersKodu, CalisanID) VALUES (8, 'Fizik', 'D798', 48);INSERT INTO app_DERS (DersID, DersAdi, DersKodu, CalisanID) VALUES (9, 'Web Tasarim', 'D410', 49);INSERT INTO app_DERS (DersID, DersAdi, DersKodu, CalisanID) VALUES (10, 'Muzik', 'D669', 50);INSERT INTO app_DERS (DersID, DersAdi, DersKodu, CalisanID) VALUES (11, 'Biyoloji', 'D446', 51);INSERT INTO app_DERS (DersID, DersAdi, DersKodu, CalisanID) VALUES (12, 'Turkce', 'D862', 52);INSERT INTO app_DERS (DersID, DersAdi, DersKodu, CalisanID) VALUES (13, 'Cografya', 'D102', 53);INSERT INTO app_DERS (DersID, DersAdi, DersKodu, CalisanID) VALUES (14, 'Almanca', 'D363', 54);INSERT INTO app_DERS (DersID, DersAdi, DersKodu, CalisanID) VALUES (15, 'Almanca', 'D304', 55);INSERT INTO app_DERS (DersID, DersAdi, DersKodu, CalisanID) VALUES (16, 'Cografya', 'D590', 56);INSERT INTO app_DERS (DersID, DersAdi, DersKodu, CalisanID) VALUES (17, 'Turkce', 'D683', 57);INSERT INTO app_DERS (DersID, DersAdi, DersKodu, CalisanID) VALUES (18, 'Almanca', 'D412', 58);INSERT INTO app_DERS (DersID, DersAdi, DersKodu, CalisanID) VALUES (19, 'Tarih', 'D799', 59);INSERT INTO app_DERS (DersID, DersAdi, DersKodu, CalisanID) VALUES (20, 'Robotik Programlama', 'D178', 60);
INSERT INTO app_ACILAN_DERS (AcilanDersID, DersID, CalisanID, DersKodu, DersAdi, Syllabus, DersGunu, DersSaati1, DersSaati2) VALUES (1, 8, 61, 'D797', 'Muzik', 'Syllabus Content', NULL, NULL, NULL);INSERT INTO app_ACILAN_DERS (AcilanDersID, DersID, CalisanID, DersKodu, DersAdi, Syllabus, DersGunu, DersSaati1, DersSaati2) VALUES (2, 1, 62, 'D986', 'Ingilizce', 'Syllabus Content', NULL, NULL, NULL);INSERT INTO app_ACILAN_DERS (AcilanDersID, DersID, CalisanID, DersKodu, DersAdi, Syllabus, DersGunu, DersSaati1, DersSaati2) VALUES (3, 16, 63, 'D858', 'Biyoloji', 'Syllabus Content', NULL, NULL, NULL);INSERT INTO app_ACILAN_DERS (AcilanDersID, DersID, CalisanID, DersKodu, DersAdi, Syllabus, DersGunu, DersSaati1, DersSaati2) VALUES (4, 4, 64, 'D877', 'Biyoloji', 'Syllabus Content', NULL, NULL, NULL);INSERT INTO app_ACILAN_DERS (AcilanDersID, DersID, CalisanID, DersKodu, DersAdi, Syllabus, DersGunu, DersSaati1, DersSaati2) VALUES (5, 4, 65, 'D630', 'Ingilizce', 'Syllabus Content', NULL, NULL, NULL);INSERT INTO app_ACILAN_DERS (AcilanDersID, DersID, CalisanID, DersKodu, DersAdi, Syllabus, DersGunu, DersSaati1, DersSaati2) VALUES (6, 8, 66, 'D956', 'Turkce', 'Syllabus Content', NULL, NULL, NULL);INSERT INTO app_ACILAN_DERS (AcilanDersID, DersID, CalisanID, DersKodu, DersAdi, Syllabus, DersGunu, DersSaati1, DersSaati2) VALUES (7, 5, 67, 'D813', 'Almanca', 'Syllabus Content', NULL, NULL, NULL);INSERT INTO app_ACILAN_DERS (AcilanDersID, DersID, CalisanID, DersKodu, DersAdi, Syllabus, DersGunu, DersSaati1, DersSaati2) VALUES (8, 16, 68, 'D297', 'Cografya', 'Syllabus Content', NULL, NULL, NULL);INSERT INTO app_ACILAN_DERS (AcilanDersID, DersID, CalisanID, DersKodu, DersAdi, Syllabus, DersGunu, DersSaati1, DersSaati2) VALUES (9, 10, 69, 'D414', 'Kimya', 'Syllabus Content', NULL, NULL, NULL);INSERT INTO app_ACILAN_DERS (AcilanDersID, DersID, CalisanID, DersKodu, DersAdi, Syllabus, DersGunu, DersSaati1, DersSaati2) VALUES (10, 3, 70, 'D316', 'Tarih', 'Syllabus Content', NULL, NULL, NULL);INSERT INTO app_ACILAN_DERS (AcilanDersID, DersID, CalisanID, DersKodu, DersAdi, Syllabus, DersGunu, DersSaati1, DersSaati2) VALUES (11, 8, 71, 'D466', 'Robotik Programlama', 'Syllabus Content', NULL, NULL, NULL);INSERT INTO app_ACILAN_DERS (AcilanDersID, DersID, CalisanID, DersKodu, DersAdi, Syllabus, DersGunu, DersSaati1, DersSaati2) VALUES (12, 19, 72, 'D837', 'Biyoloji', 'Syllabus Content', NULL, NULL, NULL);INSERT INTO app_ACILAN_DERS (AcilanDersID, DersID, CalisanID, DersKodu, DersAdi, Syllabus, DersGunu, DersSaati1, DersSaati2) VALUES (13, 4, 73, 'D679', 'Ingilizce', 'Syllabus Content', NULL, NULL, NULL);INSERT INTO app_ACILAN_DERS (AcilanDersID, DersID, CalisanID, DersKodu, DersAdi, Syllabus, DersGunu, DersSaati1, DersSaati2) VALUES (14, 19, 74, 'D624', 'Muzik', 'Syllabus Content', NULL, NULL, NULL);INSERT INTO app_ACILAN_DERS (AcilanDersID, DersID, CalisanID, DersKodu, DersAdi, Syllabus, DersGunu, DersSaati1, DersSaati2) VALUES (15, 7, 75, 'D786', 'Satranc', 'Syllabus Content', NULL, NULL, NULL);INSERT INTO app_ACILAN_DERS (AcilanDersID, DersID, CalisanID, DersKodu, DersAdi, Syllabus, DersGunu, DersSaati1, DersSaati2) VALUES (16, 14, 76, 'D383', 'Cografya', 'Syllabus Content', NULL, NULL, NULL);INSERT INTO app_ACILAN_DERS (AcilanDersID, DersID, CalisanID, DersKodu, DersAdi, Syllabus, DersGunu, DersSaati1, DersSaati2) VALUES (17, 5, 77, 'D203', 'Turkce', 'Syllabus Content', NULL, NULL, NULL);INSERT INTO app_ACILAN_DERS (AcilanDersID, DersID, CalisanID, DersKodu, DersAdi, Syllabus, DersGunu, DersSaati1, DersSaati2) VALUES (18, 12, 78, 'D709', 'Matematik', 'Syllabus Content', NULL, NULL, NULL);INSERT INTO app_ACILAN_DERS (AcilanDersID, DersID, CalisanID, DersKodu, DersAdi, Syllabus, DersGunu, DersSaati1, DersSaati2) VALUES (19, 7, 79, 'D149', 'Kimya', 'Syllabus Content', NULL, NULL, NULL);INSERT INTO app_ACILAN_DERS (AcilanDersID, DersID, CalisanID, DersKodu, DersAdi, Syllabus, DersGunu, DersSaati1, DersSaati2) VALUES (20, 15, 80, 'D610', 'Fizik', 'Syllabus Content', NULL, NULL, NULL);
INSERT INTO app_AKTIF_OGRENCI_ACILAN_DERS_ALIR (AktifOgrenciAcilanDersID, AcilanDersID, OgrenciID) VALUES (1, 15, 1);INSERT INTO app_AKTIF_OGRENCI_ACILAN_DERS_ALIR (AktifOgrenciAcilanDersID, AcilanDersID, OgrenciID) VALUES (2, 16, 2);INSERT INTO app_AKTIF_OGRENCI_ACILAN_DERS_ALIR (AktifOgrenciAcilanDersID, AcilanDersID, OgrenciID) VALUES (3, 15, 3);INSERT INTO app_AKTIF_OGRENCI_ACILAN_DERS_ALIR (AktifOgrenciAcilanDersID, AcilanDersID, OgrenciID) VALUES (4, 15, 4);INSERT INTO app_AKTIF_OGRENCI_ACILAN_DERS_ALIR (AktifOgrenciAcilanDersID, AcilanDersID, OgrenciID) VALUES (5, 16, 5);INSERT INTO app_AKTIF_OGRENCI_ACILAN_DERS_ALIR (AktifOgrenciAcilanDersID, AcilanDersID, OgrenciID) VALUES (6, 18, 6);INSERT INTO app_AKTIF_OGRENCI_ACILAN_DERS_ALIR (AktifOgrenciAcilanDersID, AcilanDersID, OgrenciID) VALUES (7, 19, 7);INSERT INTO app_AKTIF_OGRENCI_ACILAN_DERS_ALIR (AktifOgrenciAcilanDersID, AcilanDersID, OgrenciID) VALUES (8, 11, 8);INSERT INTO app_AKTIF_OGRENCI_ACILAN_DERS_ALIR (AktifOgrenciAcilanDersID, AcilanDersID, OgrenciID) VALUES (9, 11, 9);INSERT INTO app_AKTIF_OGRENCI_ACILAN_DERS_ALIR (AktifOgrenciAcilanDersID, AcilanDersID, OgrenciID) VALUES (10, 19, 10);INSERT INTO app_AKTIF_OGRENCI_ACILAN_DERS_ALIR (AktifOgrenciAcilanDersID, AcilanDersID, OgrenciID) VALUES (11, 19, 11);INSERT INTO app_AKTIF_OGRENCI_ACILAN_DERS_ALIR (AktifOgrenciAcilanDersID, AcilanDersID, OgrenciID) VALUES (12, 4, 12);INSERT INTO app_AKTIF_OGRENCI_ACILAN_DERS_ALIR (AktifOgrenciAcilanDersID, AcilanDersID, OgrenciID) VALUES (13, 2, 13);INSERT INTO app_AKTIF_OGRENCI_ACILAN_DERS_ALIR (AktifOgrenciAcilanDersID, AcilanDersID, OgrenciID) VALUES (14, 10, 14);INSERT INTO app_AKTIF_OGRENCI_ACILAN_DERS_ALIR (AktifOgrenciAcilanDersID, AcilanDersID, OgrenciID) VALUES (15, 9, 15);INSERT INTO app_AKTIF_OGRENCI_ACILAN_DERS_ALIR (AktifOgrenciAcilanDersID, AcilanDersID, OgrenciID) VALUES (16, 16, 16);INSERT INTO app_AKTIF_OGRENCI_ACILAN_DERS_ALIR (AktifOgrenciAcilanDersID, AcilanDersID, OgrenciID) VALUES (17, 15, 17);INSERT INTO app_AKTIF_OGRENCI_ACILAN_DERS_ALIR (AktifOgrenciAcilanDersID, AcilanDersID, OgrenciID) VALUES (18, 2, 18);INSERT INTO app_AKTIF_OGRENCI_ACILAN_DERS_ALIR (AktifOgrenciAcilanDersID, AcilanDersID, OgrenciID) VALUES (19, 14, 19);INSERT INTO app_AKTIF_OGRENCI_ACILAN_DERS_ALIR (AktifOgrenciAcilanDersID, AcilanDersID, OgrenciID) VALUES (20, 14, 20);
INSERT INTO app_AKTIF_OGRENCI_DERS_TALEP (AktifOgrenciDersID, DersID, OgrenciID) VALUES (1, 13, 1);INSERT INTO app_AKTIF_OGRENCI_DERS_TALEP (AktifOgrenciDersID, DersID, OgrenciID) VALUES (2, 11, 2);INSERT INTO app_AKTIF_OGRENCI_DERS_TALEP (AktifOgrenciDersID, DersID, OgrenciID) VALUES (3, 10, 3);INSERT INTO app_AKTIF_OGRENCI_DERS_TALEP (AktifOgrenciDersID, DersID, OgrenciID) VALUES (4, 6, 4);INSERT INTO app_AKTIF_OGRENCI_DERS_TALEP (AktifOgrenciDersID, DersID, OgrenciID) VALUES (5, 20, 5);INSERT INTO app_AKTIF_OGRENCI_DERS_TALEP (AktifOgrenciDersID, DersID, OgrenciID) VALUES (6, 18, 6);INSERT INTO app_AKTIF_OGRENCI_DERS_TALEP (AktifOgrenciDersID, DersID, OgrenciID) VALUES (7, 3, 7);INSERT INTO app_AKTIF_OGRENCI_DERS_TALEP (AktifOgrenciDersID, DersID, OgrenciID) VALUES (8, 5, 8);INSERT INTO app_AKTIF_OGRENCI_DERS_TALEP (AktifOgrenciDersID, DersID, OgrenciID) VALUES (9, 3, 9);INSERT INTO app_AKTIF_OGRENCI_DERS_TALEP (AktifOgrenciDersID, DersID, OgrenciID) VALUES (10, 20, 10);INSERT INTO app_AKTIF_OGRENCI_DERS_TALEP (AktifOgrenciDersID, DersID, OgrenciID) VALUES (11, 14, 11);INSERT INTO app_AKTIF_OGRENCI_DERS_TALEP (AktifOgrenciDersID, DersID, OgrenciID) VALUES (12, 15, 12);INSERT INTO app_AKTIF_OGRENCI_DERS_TALEP (AktifOgrenciDersID, DersID, OgrenciID) VALUES (13, 17, 13);INSERT INTO app_AKTIF_OGRENCI_DERS_TALEP (AktifOgrenciDersID, DersID, OgrenciID) VALUES (14, 2, 14);INSERT INTO app_AKTIF_OGRENCI_DERS_TALEP (AktifOgrenciDersID, DersID, OgrenciID) VALUES (15, 13, 15);INSERT INTO app_AKTIF_OGRENCI_DERS_TALEP (AktifOgrenciDersID, DersID, OgrenciID) VALUES (16, 8, 16);INSERT INTO app_AKTIF_OGRENCI_DERS_TALEP (AktifOgrenciDersID, DersID, OgrenciID) VALUES (17, 2, 17);INSERT INTO app_AKTIF_OGRENCI_DERS_TALEP (AktifOgrenciDersID, DersID, OgrenciID) VALUES (18, 4, 18);INSERT INTO app_AKTIF_OGRENCI_DERS_TALEP (AktifOgrenciDersID, DersID, OgrenciID) VALUES (19, 17, 19);INSERT INTO app_AKTIF_OGRENCI_DERS_TALEP (AktifOgrenciDersID, DersID, OgrenciID) VALUES (20, 10, 20);
INSERT INTO app_EK_GIDER (GiderID, GiderAciklamasi, GiderMiktari, GiderTarihi) VALUES (1, 'Su Faturasi', 5306.64, '2021-11-08');INSERT INTO app_EK_GIDER (GiderID, GiderAciklamasi, GiderMiktari, GiderTarihi) VALUES (2, 'Su Faturasi', 23162.63, '2008-02-25');INSERT INTO app_EK_GIDER (GiderID, GiderAciklamasi, GiderMiktari, GiderTarihi) VALUES (3, 'Bakim Giderleri', 23546.85, '2014-04-02');INSERT INTO app_EK_GIDER (GiderID, GiderAciklamasi, GiderMiktari, GiderTarihi) VALUES (4, 'Elektrik Faturasi', 10453.25, '2002-04-15');INSERT INTO app_EK_GIDER (GiderID, GiderAciklamasi, GiderMiktari, GiderTarihi) VALUES (5, 'Su Faturasi', 24190.75, '2021-01-07');INSERT INTO app_EK_GIDER (GiderID, GiderAciklamasi, GiderMiktari, GiderTarihi) VALUES (6, 'Yazilim Lisansi', 34180.98, '2021-02-18');INSERT INTO app_EK_GIDER (GiderID, GiderAciklamasi, GiderMiktari, GiderTarihi) VALUES (7, 'Su Faturasi', 18064.53, '2004-09-23');INSERT INTO app_EK_GIDER (GiderID, GiderAciklamasi, GiderMiktari, GiderTarihi) VALUES (8, 'Su Faturasi', 10635.34, '2009-04-05');INSERT INTO app_EK_GIDER (GiderID, GiderAciklamasi, GiderMiktari, GiderTarihi) VALUES (9, 'Su Faturasi', 3079.95, '2015-01-12');INSERT INTO app_EK_GIDER (GiderID, GiderAciklamasi, GiderMiktari, GiderTarihi) VALUES (10, 'Bakim Giderleri', 11757.84, '2007-04-28');INSERT INTO app_EK_GIDER (GiderID, GiderAciklamasi, GiderMiktari, GiderTarihi) VALUES (11, 'Kirtasiye Gideri', 3280.35, '2012-08-12');INSERT INTO app_EK_GIDER (GiderID, GiderAciklamasi, GiderMiktari, GiderTarihi) VALUES (12, 'Su Faturasi', 17207.48, '2016-11-09');INSERT INTO app_EK_GIDER (GiderID, GiderAciklamasi, GiderMiktari, GiderTarihi) VALUES (13, 'Elektrik Faturasi', 31348.54, '2020-03-02');INSERT INTO app_EK_GIDER (GiderID, GiderAciklamasi, GiderMiktari, GiderTarihi) VALUES (14, 'Dogalgaz Faturasi', 15791.17, '2012-04-13');INSERT INTO app_EK_GIDER (GiderID, GiderAciklamasi, GiderMiktari, GiderTarihi) VALUES (15, 'Su Faturasi', 33874.95, '2023-09-12');INSERT INTO app_EK_GIDER (GiderID, GiderAciklamasi, GiderMiktari, GiderTarihi) VALUES (16, 'Dogalgaz Faturasi', 9452.45, '2011-04-18');INSERT INTO app_EK_GIDER (GiderID, GiderAciklamasi, GiderMiktari, GiderTarihi) VALUES (17, 'Kirtasiye Gideri', 25879.68, '2000-08-08');INSERT INTO app_EK_GIDER (GiderID, GiderAciklamasi, GiderMiktari, GiderTarihi) VALUES (18, 'Yazilim Lisansi', 2981.80, '2016-08-12');INSERT INTO app_EK_GIDER (GiderID, GiderAciklamasi, GiderMiktari, GiderTarihi) VALUES (19, 'Kirtasiye Gideri', 24897.73, '2010-10-27');INSERT INTO app_EK_GIDER (GiderID, GiderAciklamasi, GiderMiktari, GiderTarihi) VALUES (20, 'Kirtasiye Gideri', 11314.64, '2016-11-26');
INSERT INTO app_MALZEME (MalzemeID, GiderID, MalzemeMiktari, MalzemeFiyat, MalzemeTuru) VALUES (1, NULL, 26, 9896.84, 'Sanat Malzemesi');INSERT INTO app_MALZEME (MalzemeID, GiderID, MalzemeMiktari, MalzemeFiyat, MalzemeTuru) VALUES (2, NULL, 18, 26619.49, 'Kitap');INSERT INTO app_MALZEME (MalzemeID, GiderID, MalzemeMiktari, MalzemeFiyat, MalzemeTuru) VALUES (3, NULL, 15, 25830.85, 'Kalem');INSERT INTO app_MALZEME (MalzemeID, GiderID, MalzemeMiktari, MalzemeFiyat, MalzemeTuru) VALUES (4, NULL, 89, 29417.48, 'Defter');INSERT INTO app_MALZEME (MalzemeID, GiderID, MalzemeMiktari, MalzemeFiyat, MalzemeTuru) VALUES (5, NULL, 69, 17203.84, 'Sanat Malzemesi');INSERT INTO app_MALZEME (MalzemeID, GiderID, MalzemeMiktari, MalzemeFiyat, MalzemeTuru) VALUES (6, NULL, 79, 12339.60, 'Defter');INSERT INTO app_MALZEME (MalzemeID, GiderID, MalzemeMiktari, MalzemeFiyat, MalzemeTuru) VALUES (7, NULL, 74, 6223.42, 'Defter');INSERT INTO app_MALZEME (MalzemeID, GiderID, MalzemeMiktari, MalzemeFiyat, MalzemeTuru) VALUES (8, NULL, 55, 2829.46, 'Sanat Malzemesi');INSERT INTO app_MALZEME (MalzemeID, GiderID, MalzemeMiktari, MalzemeFiyat, MalzemeTuru) VALUES (9, NULL, 53, 25281.32, 'Silgi');INSERT INTO app_MALZEME (MalzemeID, GiderID, MalzemeMiktari, MalzemeFiyat, MalzemeTuru) VALUES (10, NULL, 26, 34691.10, 'Kitap');INSERT INTO app_MALZEME (MalzemeID, GiderID, MalzemeMiktari, MalzemeFiyat, MalzemeTuru) VALUES (11, NULL, 7, 31611.47, 'Kitap');INSERT INTO app_MALZEME (MalzemeID, GiderID, MalzemeMiktari, MalzemeFiyat, MalzemeTuru) VALUES (12, NULL, 73, 4226.22, 'Kitap');INSERT INTO app_MALZEME (MalzemeID, GiderID, MalzemeMiktari, MalzemeFiyat, MalzemeTuru) VALUES (13, NULL, 17, 16250.61, 'Kalem');INSERT INTO app_MALZEME (MalzemeID, GiderID, MalzemeMiktari, MalzemeFiyat, MalzemeTuru) VALUES (14, NULL, 6, 34047.37, 'Kitap');INSERT INTO app_MALZEME (MalzemeID, GiderID, MalzemeMiktari, MalzemeFiyat, MalzemeTuru) VALUES (15, NULL, 96, 8991.58, 'Kitap');INSERT INTO app_MALZEME (MalzemeID, GiderID, MalzemeMiktari, MalzemeFiyat, MalzemeTuru) VALUES (16, NULL, 67, 18155.36, 'Sanat Malzemesi');INSERT INTO app_MALZEME (MalzemeID, GiderID, MalzemeMiktari, MalzemeFiyat, MalzemeTuru) VALUES (17, NULL, 38, 8746.00, 'Sanat Malzemesi');INSERT INTO app_MALZEME (MalzemeID, GiderID, MalzemeMiktari, MalzemeFiyat, MalzemeTuru) VALUES (18, NULL, 7, 28475.23, 'Kitap');INSERT INTO app_MALZEME (MalzemeID, GiderID, MalzemeMiktari, MalzemeFiyat, MalzemeTuru) VALUES (19, NULL, 8, 9368.54, 'Laboratuvar Malzemesi');INSERT INTO app_MALZEME (MalzemeID, GiderID, MalzemeMiktari, MalzemeFiyat, MalzemeTuru) VALUES (20, NULL, 100, 12743.19, 'Sanat Malzemesi');
INSERT INTO app_MALZEME_DERS (MalzemeDersID, AcilanDersID, MalzemeID) VALUES (1, 2, 1);INSERT INTO app_MALZEME_DERS (MalzemeDersID, AcilanDersID, MalzemeID) VALUES (2, 11, 2);INSERT INTO app_MALZEME_DERS (MalzemeDersID, AcilanDersID, MalzemeID) VALUES (3, 9, 3);INSERT INTO app_MALZEME_DERS (MalzemeDersID, AcilanDersID, MalzemeID) VALUES (4, 2, 4);INSERT INTO app_MALZEME_DERS (MalzemeDersID, AcilanDersID, MalzemeID) VALUES (5, 20, 5);INSERT INTO app_MALZEME_DERS (MalzemeDersID, AcilanDersID, MalzemeID) VALUES (6, 12, 6);INSERT INTO app_MALZEME_DERS (MalzemeDersID, AcilanDersID, MalzemeID) VALUES (7, 7, 7);INSERT INTO app_MALZEME_DERS (MalzemeDersID, AcilanDersID, MalzemeID) VALUES (8, 3, 8);INSERT INTO app_MALZEME_DERS (MalzemeDersID, AcilanDersID, MalzemeID) VALUES (9, 10, 9);INSERT INTO app_MALZEME_DERS (MalzemeDersID, AcilanDersID, MalzemeID) VALUES (10, 17, 10);INSERT INTO app_MALZEME_DERS (MalzemeDersID, AcilanDersID, MalzemeID) VALUES (11, 2, 11);INSERT INTO app_MALZEME_DERS (MalzemeDersID, AcilanDersID, MalzemeID) VALUES (12, 17, 12);INSERT INTO app_MALZEME_DERS (MalzemeDersID, AcilanDersID, MalzemeID) VALUES (13, 19, 13);INSERT INTO app_MALZEME_DERS (MalzemeDersID, AcilanDersID, MalzemeID) VALUES (14, 14, 14);INSERT INTO app_MALZEME_DERS (MalzemeDersID, AcilanDersID, MalzemeID) VALUES (15, 19, 15);INSERT INTO app_MALZEME_DERS (MalzemeDersID, AcilanDersID, MalzemeID) VALUES (16, 4, 16);INSERT INTO app_MALZEME_DERS (MalzemeDersID, AcilanDersID, MalzemeID) VALUES (17, 4, 17);INSERT INTO app_MALZEME_DERS (MalzemeDersID, AcilanDersID, MalzemeID) VALUES (18, 5, 18);INSERT INTO app_MALZEME_DERS (MalzemeDersID, AcilanDersID, MalzemeID) VALUES (19, 2, 19);INSERT INTO app_MALZEME_DERS (MalzemeDersID, AcilanDersID, MalzemeID) VALUES (20, 16, 20);
INSERT INTO app_SABIT_GIDER (GiderID, GiderAciklamasi, GiderMiktari) VALUES (21, 'Dogalgaz Faturasi', 23302.56);INSERT INTO app_SABIT_GIDER (GiderID, GiderAciklamasi, GiderMiktari) VALUES (22, 'Su Faturasi', 30262.81);INSERT INTO app_SABIT_GIDER (GiderID, GiderAciklamasi, GiderMiktari) VALUES (23, 'Elektrik Faturasi', 11351.39);INSERT INTO app_SABIT_GIDER (GiderID, GiderAciklamasi, GiderMiktari) VALUES (24, 'Dogalgaz Faturasi', 22657.46);INSERT INTO app_SABIT_GIDER (GiderID, GiderAciklamasi, GiderMiktari) VALUES (25, 'Bakim Giderleri', 6941.78);INSERT INTO app_SABIT_GIDER (GiderID, GiderAciklamasi, GiderMiktari) VALUES (26, 'Elektrik Faturasi', 18990.13);INSERT INTO app_SABIT_GIDER (GiderID, GiderAciklamasi, GiderMiktari) VALUES (27, 'Bakim Giderleri', 34736.90);INSERT INTO app_SABIT_GIDER (GiderID, GiderAciklamasi, GiderMiktari) VALUES (28, 'Elektrik Faturasi', 29148.11);INSERT INTO app_SABIT_GIDER (GiderID, GiderAciklamasi, GiderMiktari) VALUES (29, 'Dogalgaz Faturasi', 19956.09);INSERT INTO app_SABIT_GIDER (GiderID, GiderAciklamasi, GiderMiktari) VALUES (30, 'Su Faturasi', 33578.43);INSERT INTO app_SABIT_GIDER (GiderID, GiderAciklamasi, GiderMiktari) VALUES (31, 'Dogalgaz Faturasi', 19449.48);INSERT INTO app_SABIT_GIDER (GiderID, GiderAciklamasi, GiderMiktari) VALUES (32, 'Su Faturasi', 29801.36);INSERT INTO app_SABIT_GIDER (GiderID, GiderAciklamasi, GiderMiktari) VALUES (33, 'Kirtasiye Gideri', 30290.25);INSERT INTO app_SABIT_GIDER (GiderID, GiderAciklamasi, GiderMiktari) VALUES (34, 'Su Faturasi', 31216.79);INSERT INTO app_SABIT_GIDER (GiderID, GiderAciklamasi, GiderMiktari) VALUES (35, 'Elektrik Faturasi', 24421.94);INSERT INTO app_SABIT_GIDER (GiderID, GiderAciklamasi, GiderMiktari) VALUES (36, 'Yazilim Lisansi', 5846.04);INSERT INTO app_SABIT_GIDER (GiderID, GiderAciklamasi, GiderMiktari) VALUES (37, 'Bakim Giderleri', 9301.91);INSERT INTO app_SABIT_GIDER (GiderID, GiderAciklamasi, GiderMiktari) VALUES (38, 'Yazilim Lisansi', 26514.15);INSERT INTO app_SABIT_GIDER (GiderID, GiderAciklamasi, GiderMiktari) VALUES (39, 'Bakim Giderleri', 6268.01);INSERT INTO app_SABIT_GIDER (GiderID, GiderAciklamasi, GiderMiktari) VALUES (40, 'Yazilim Lisansi', 28990.16);
UPDATE app_ACILAN_DERS ad SET ad.DersSaati1 = (SELECT h.BaslangicVakti FROM app_HAFTANIN_SAATLERI h LEFT JOIN app_PART_TIME_OGRETMEN_MESGULIYET ptm ON h.SaatGunID = ptm.SaatGunID LEFT JOIN app_AKTIF_OGRENCI_MESGULIYET aom ON h.SaatGunID = aom.SaatGunID WHERE ptm.CalisanID IS NULL AND aom.OgrenciID IS NULL ORDER BY RAND() LIMIT 1);
